CREATE DATABASE  IF NOT EXISTS `kankan` /*!40100 DEFAULT CHARACTER SET utf8 */;
USE `kankan`;
-- MySQL dump 10.13  Distrib 5.5.24, for osx10.5 (i386)
--
-- Host: localhost    Database: kankan
-- ------------------------------------------------------
-- Server version	5.5.28-log

/*!40101 SET @OLD_CHARACTER_SET_CLIENT=@@CHARACTER_SET_CLIENT */;
/*!40101 SET @OLD_CHARACTER_SET_RESULTS=@@CHARACTER_SET_RESULTS */;
/*!40101 SET @OLD_COLLATION_CONNECTION=@@COLLATION_CONNECTION */;
/*!40101 SET NAMES utf8 */;
/*!40103 SET @OLD_TIME_ZONE=@@TIME_ZONE */;
/*!40103 SET TIME_ZONE='+00:00' */;
/*!40014 SET @OLD_UNIQUE_CHECKS=@@UNIQUE_CHECKS, UNIQUE_CHECKS=0 */;
/*!40014 SET @OLD_FOREIGN_KEY_CHECKS=@@FOREIGN_KEY_CHECKS, FOREIGN_KEY_CHECKS=0 */;
/*!40101 SET @OLD_SQL_MODE=@@SQL_MODE, SQL_MODE='NO_AUTO_VALUE_ON_ZERO' */;
/*!40111 SET @OLD_SQL_NOTES=@@SQL_NOTES, SQL_NOTES=0 */;

--
-- Table structure for table `active`
--

DROP TABLE IF EXISTS `active`;
/*!40101 SET @saved_cs_client     = @@character_set_client */;
/*!40101 SET character_set_client = utf8 */;
CREATE TABLE `active` (
  `act_id` int(11) NOT NULL AUTO_INCREMENT,
  `act_name` varchar(25) NOT NULL,
  `begin_time` int(11) NOT NULL,
  `end_time` int(11) NOT NULL,
  `act_type` tinyint(4) NOT NULL,
  `image` varchar(150) NOT NULL,
  `description` text,
  PRIMARY KEY (`act_id`)
) ENGINE=InnoDB AUTO_INCREMENT=44 DEFAULT CHARSET=utf8;
/*!40101 SET character_set_client = @saved_cs_client */;

--
-- Dumping data for table `active`
--

LOCK TABLES `active` WRITE;
/*!40000 ALTER TABLE `active` DISABLE KEYS */;
INSERT INTO `active` VALUES (1,'六一演出',1364774400,1373846400,0,'http://news.xinhuanet.com/photo/2013-06/02/124798999_441n.JPG','六一儿童节到了，童心不泯，快乐如初。'),(2,'八一演出',1371254400,1373846400,0,'http://news.xinhuanet.com/photo/2013-06/02/124798999_441n.JPG','六一儿童节到了，童心不泯，快乐如初。'),(3,'微电影招募',1364774400,1373846400,1,'http://news.xinhuanet.com/photo/2013-06/02/124798999_441n.JPG','六一儿童节到了，童心不泯，快乐如初。'),(4,'那些花儿海选',1364774400,1377619254,2,'http://news.xinhuanet.com/photo/2013-06/02/124798999_441n.JPG','六一儿童节到了，童心不泯，快乐如初。'),(5,'表演活动',1371254400,1373846400,0,'http://news.xinhuanet.com/photo/2013-06/02/124798999_441n.JPG','六一儿童节到了，童心不泯，快乐如初。'),(6,'表演活动',1371254400,1373846400,0,'http://news.xinhuanet.com/photo/2013-06/02/124798999_441n.JPG','六一儿童节到了，童心不泯，快乐如初。'),(7,'表演活动',1371254400,1373846400,0,'http://news.xinhuanet.com/photo/2013-06/02/124798999_441n.JPG','六一儿童节到了，童心不泯，快乐如初。'),(8,'test',1371254400,1373846400,0,'http://news.xinhuanet.com/photo/2013-06/02/124798999_441n.JPG','六一儿童节到了，童心不泯，快乐如初。'),(9,'test',1371254400,1373846400,0,'http://news.xinhuanet.com/photo/2013-06/02/124798999_441n.JPG','六一儿童节到了，童心不泯，快乐如初。'),(10,'test',1371254400,1373846400,0,'http://news.xinhuanet.com/photo/2013-06/02/124798999_441n.JPG','六一儿童节到了，童心不泯，快乐如初。'),(11,'test',1371254400,1373846400,0,'http://news.xinhuanet.com/photo/2013-06/02/124798999_441n.JPG','六一儿童节到了，童心不泯，快乐如初。'),(12,'test',1371254400,1373846400,0,'http://news.xinhuanet.com/photo/2013-06/02/124798999_441n.JPG','六一儿童节到了，童心不泯，快乐如初。'),(13,'test',1371254400,1373846400,0,'http://news.xinhuanet.com/photo/2013-06/02/124798999_441n.JPG','六一儿童节到了，童心不泯，快乐如初。'),(14,'test',1371254400,1373846400,0,'http://news.xinhuanet.com/photo/2013-06/02/124798999_441n.JPG','六一儿童节到了，童心不泯，快乐如初。'),(15,'test',1371254400,1373846400,0,'http://news.xinhuanet.com/photo/2013-06/02/124798999_441n.JPG','六一儿童节到了，童心不泯，快乐如初。'),(16,'test',1371254400,1373846400,0,'http://news.xinhuanet.com/photo/2013-06/02/124798999_441n.JPG','六一儿童节到了，童心不泯，快乐如初。'),(17,'test',1371254400,1373846400,0,'http://news.xinhuanet.com/photo/2013-06/02/124798999_441n.JPG','六一儿童节到了，童心不泯，快乐如初。'),(18,'test',1371254400,1373846400,0,'http://news.xinhuanet.com/photo/2013-06/02/124798999_441n.JPG','六一儿童节到了，童心不泯，快乐如初。'),(19,'test',1371254400,1373846400,0,'http://news.xinhuanet.com/photo/2013-06/02/124798999_441n.JPG',NULL),(20,'test',1371254400,1373846400,0,'http://news.xinhuanet.com/photo/2013-06/02/124798999_441n.JPG',NULL),(21,'test',1371254400,1373846400,0,'http://news.xinhuanet.com/photo/2013-06/02/124798999_441n.JPG',NULL),(22,'test',1371254400,1373846400,0,'http://news.xinhuanet.com/photo/2013-06/02/124798999_441n.JPG',NULL),(23,'test',1371254400,1373846400,0,'http://news.xinhuanet.com/photo/2013-06/02/124798999_441n.JPG',NULL),(24,'test',1371254400,1373846400,0,'http://news.xinhuanet.com/photo/2013-06/02/124798999_441n.JPG',NULL),(25,'test',1371254400,1373846400,0,'http://news.xinhuanet.com/photo/2013-06/02/124798999_441n.JPG',NULL),(26,'test',1371254400,1373846400,0,'http://news.xinhuanet.com/photo/2013-06/02/124798999_441n.JPG',NULL),(27,'test',1371254400,1373846400,0,'http://news.xinhuanet.com/photo/2013-06/02/124798999_441n.JPG',NULL),(28,'test',1371254400,1373846400,0,'http://news.xinhuanet.com/photo/2013-06/02/124798999_441n.JPG',NULL),(29,'test',1371254400,1373846400,0,'http://news.xinhuanet.com/photo/2013-06/02/124798999_441n.JPG',NULL),(30,'test',1371254400,1373846400,0,'http://news.xinhuanet.com/photo/2013-06/02/124798999_441n.JPG',NULL),(31,'test',1371254400,1373846400,0,'http://news.xinhuanet.com/photo/2013-06/02/124798999_441n.JPG',NULL),(32,'test',1371254400,1373846400,0,'http://news.xinhuanet.com/photo/2013-06/02/124798999_441n.JPG',NULL),(33,'test',1371254400,1373846400,0,'http://news.xinhuanet.com/photo/2013-06/02/124798999_441n.JPG',NULL),(34,'test',1371254400,1373846400,0,'http://news.xinhuanet.com/photo/2013-06/02/124798999_441n.JPG',NULL),(35,'test',1371254400,1373846400,0,'http://news.xinhuanet.com/photo/2013-06/02/124798999_441n.JPG',NULL),(36,'test',1371254400,1373846400,0,'http://news.xinhuanet.com/photo/2013-06/02/124798999_441n.JPG',NULL),(37,'test',1371254400,1373846400,0,'http://news.xinhuanet.com/photo/2013-06/02/124798999_441n.JPG',NULL),(38,'test',1371254400,1373846400,0,'http://news.xinhuanet.com/photo/2013-06/02/124798999_441n.JPG',NULL),(39,'test',1371254400,1373846400,0,'http://news.xinhuanet.com/photo/2013-06/02/124798999_441n.JPG',NULL),(40,'good',1371052800,1372435200,0,'http://localhost:8090/image/act_1371108637261967.jpg','dsdsd'),(41,'测试一下下啦',1371052800,1372521600,1,'http://localhost:8090/image/act_1371108721615362.jpeg','你是我心爱的姑娘-汪峰'),(42,'新活动',1371052800,1374076800,1,'http://localhost:8090/image/act_1371109963849920.jpg','在所有人是已非的景色里我最喜欢你。'),(43,'活动来啰',1371312000,1377619200,0,'http://localhost:8090/image/act_1371360976640914.png','测试一下下');
/*!40000 ALTER TABLE `active` ENABLE KEYS */;
UNLOCK TABLES;

--
-- Table structure for table `chat`
--

DROP TABLE IF EXISTS `chat`;
/*!40101 SET @saved_cs_client     = @@character_set_client */;
/*!40101 SET character_set_client = utf8 */;
CREATE TABLE `chat` (
  `msg_id` int(11) NOT NULL AUTO_INCREMENT,
  `to_user_id` int(11) NOT NULL,
  `from_user_id` int(11) NOT NULL,
  `time` int(11) NOT NULL,
  `is_read` tinyint(4) DEFAULT '0',
  `content` varchar(150) DEFAULT NULL,
  PRIMARY KEY (`msg_id`)
) ENGINE=InnoDB AUTO_INCREMENT=11 DEFAULT CHARSET=utf8;
/*!40101 SET character_set_client = @saved_cs_client */;

--
-- Dumping data for table `chat`
--

LOCK TABLES `chat` WRITE;
/*!40000 ALTER TABLE `chat` DISABLE KEYS */;
INSERT INTO `chat` VALUES (1,100,1,1370850201,0,'我爱你'),(2,1,100,1370850210,0,'呵呵，你是个好人'),(3,100,1,1370850230,0,'嫁给我吧'),(4,4,1,1370850231,0,'我跟她表白了'),(5,1,4,1370850240,0,'我擦，然后呢？'),(6,1,100,1370850250,0,'谢谢你，我已经嫁人了。但我们一定可以做好朋友的，对吧？'),(7,100,1,1370850280,0,'看来我们还是没有缘份。做你个JB朋友啊。'),(8,4,1,1370850270,0,'妈逼的，人家已经嫁人了。。。'),(9,1,100,1370854818,0,'我是女神我怕谁？！'),(10,1,100,1370931109,0,'我是女神我怕谁？！');
/*!40000 ALTER TABLE `chat` ENABLE KEYS */;
UNLOCK TABLES;

--
-- Table structure for table `notify`
--

DROP TABLE IF EXISTS `notify`;
/*!40101 SET @saved_cs_client     = @@character_set_client */;
/*!40101 SET character_set_client = utf8 */;
CREATE TABLE `notify` (
  `notify_id` int(11) NOT NULL AUTO_INCREMENT,
  `type` tinyint(4) NOT NULL,
  `time` int(11) NOT NULL,
  `is_read` tinyint(4) DEFAULT '0',
  `content` varchar(300) DEFAULT NULL,
  `to_user_id` int(11) NOT NULL,
  PRIMARY KEY (`notify_id`)
) ENGINE=InnoDB DEFAULT CHARSET=utf8;
/*!40101 SET character_set_client = @saved_cs_client */;

--
-- Dumping data for table `notify`
--

LOCK TABLES `notify` WRITE;
/*!40000 ALTER TABLE `notify` DISABLE KEYS */;
/*!40000 ALTER TABLE `notify` ENABLE KEYS */;
UNLOCK TABLES;

--
-- Table structure for table `photo`
--

DROP TABLE IF EXISTS `photo`;
/*!40101 SET @saved_cs_client     = @@character_set_client */;
/*!40101 SET character_set_client = utf8 */;
CREATE TABLE `photo` (
  `photo_id` int(11) NOT NULL AUTO_INCREMENT,
  `user_id` int(11) NOT NULL,
  `act_id` int(11) NOT NULL,
  `image_url` varchar(150) NOT NULL,
  `user_name` varchar(15) NOT NULL,
  `act_name` varchar(25) NOT NULL,
  `upload_time` int(11) NOT NULL,
  `thumb_url` varchar(150) NOT NULL,
  `view_number` int(11) DEFAULT '0',
  `vote_number` int(11) DEFAULT '0',
  PRIMARY KEY (`photo_id`)
) ENGINE=InnoDB AUTO_INCREMENT=1477 DEFAULT CHARSET=utf8;
/*!40101 SET character_set_client = @saved_cs_client */;

--
-- Dumping data for table `photo`
--

LOCK TABLES `photo` WRITE;
/*!40000 ALTER TABLE `photo` DISABLE KEYS */;
INSERT INTO `photo` VALUES (1,1,4,'http://localhost:8090/photo/4/photo_137053417133.jpg','白羊座小葛','那些花儿海选',1370535786,'http://localhost:8090/photo/4/thumb_137053417133.png',4,1),(2,1,4,'http://localhost:8090/photo/4/photo_137053417133.jpg','白羊座小葛','那些花儿海选',1370535786,'http://localhost:8090/photo/4/thumb_137053417133.png',0,1),(3,1,4,'http://localhost:8090/photo/4/photo_137053417133.jpg','白羊座小葛','那些花儿海选',1370535786,'http://localhost:8090/photo/4/thumb_137053417133.png',2,1),(4,1,4,'http://localhost:8090/photo/4/photo_137053417133.jpg','白羊座小葛','那些花儿海选',1370535786,'http://localhost:8090/photo/4/thumb_137053417133.png',4,2),(5,1,4,'http://localhost:8090/photo/4/photo_137053417133.jpg','白羊座小葛','那些花儿海选',1370535786,'http://localhost:8090/photo/4/thumb_137053417133.png',0,0),(6,1,4,'http://localhost:8090/photo/4/photo_137053417133.jpg','白羊座小葛','那些花儿海选',1370535786,'http://localhost:8090/photo/4/thumb_137053417133.png',0,0),(7,1,4,'http://localhost:8090/photo/4/photo_137053417133.jpg','白羊座小葛','那些花儿海选',1370535786,'http://localhost:8090/photo/4/thumb_137053417133.png',0,0),(8,1,4,'http://localhost:8090/photo/4/photo_137053417133.jpg','白羊座小葛','那些花儿海选',1370535786,'http://localhost:8090/photo/4/thumb_137053417133.png',0,0),(9,1,4,'http://localhost:8090/photo/4/photo_137053417133.jpg','白羊座小葛','那些花儿海选',1370535786,'http://localhost:8090/photo/4/thumb_137053417133.png',0,0),(10,100,4,'http://localhost:8090/photo/4/image_100_1370572388120985.jpeg','菡萏','那些花儿海选',1370572534,'http://localhost:8090/photo/4/thumb_100_1370572388120985.jpeg',0,0),(11,100,4,'http://localhost:8090/photo/4/image_100_1370572387416754.jpeg','菡萏','那些花儿海选',1370572534,'http://localhost:8090/photo/4/thumb_100_1370572387416754.jpeg',0,0),(12,100,4,'http://localhost:8090/photo/4/image_100_1370572386953387.jpeg','菡萏','那些花儿海选',1370572630,'http://localhost:8090/photo/4/thumb_100_1370572386953387.jpeg',0,0),(13,100,4,'http://localhost:8090/photo/4/image_100_1370572385899213.jpeg','菡萏','那些花儿海选',1370572650,'http://localhost:8090/photo/4/thumb_100_1370572385899213.jpeg',0,0),(14,100,4,'http://localhost:8090/photo/4/image_100_1370572370502115.jpeg','菡萏','那些花儿海选',1370572655,'http://localhost:8090/photo/4/thumb_100_1370572370502115.jpeg',0,0),(15,100,3,'http://localhost:8090/photo/4/image_100_1370572370502115.jpeg','菡萏','那些花儿',1370572655,'http://localhost:8090/photo/4/thumb_100_1370572370502115.jpeg',0,0),(16,5,5,'http://localhost:8090/photo/4/image_100_1370572370502115.jpeg','test5','那些花儿',1370572630,'http://localhost:8090/photo/4/thumb_100_1370572370502115.jpeg',0,0),(17,6,4,'http://localhost:8090/photo/4/image_100_1370572370502115.jpeg','test6','那些花儿',1370673450,'http://localhost:8090/photo/4/thumb_100_1370572370502115.jpeg',0,0),(18,6,7,'http://farm4.staticflickr.com/3413/3544044637_208058c8b4_o.jpg','test','test',1370572630,'http://farm8.staticflickr.com/7161/6430213513_02b5542890_b.jpg',0,0),(19,6,7,'http://farm5.staticflickr.com/4135/4852548105_f47030ce09_o.jpg','test','test',1370572630,'http://farm5.staticflickr.com/4135/4852548105_f47030ce09_o.jpg',0,0),(20,6,7,'http://farm4.staticflickr.com/3413/3544044637_208058c8b4_o.jpg','test','test',1370572630,'http://farm4.staticflickr.com/3413/3544044637_9a9a491978_m.jpg',0,0),(21,6,7,'http://farm8.staticflickr.com/7173/6430214673_6a80d19700_b.jpg','test','test',1370572630,'http://farm8.staticflickr.com/7173/6430214673_6a80d19700_m.jpg',0,0),(22,6,7,'http://farm8.staticflickr.com/7173/6430214673_6a80d19700_b.jpg','test','test',1370572630,'http://farm8.staticflickr.com/7173/6430214673_6a80d19700_m.jpg',0,0),(23,6,7,'http://farm9.staticflickr.com/8450/8014700704_c1ac5e6e9b_z.jpg','test','test',1370572630,'http://farm9.staticflickr.com/8450/8014700704_c1ac5e6e9b_m.jpg',0,0),(24,6,7,'http://farm8.staticflickr.com/7161/6430213513_02b5542890_b.jpg','test','test',1370572630,'http://farm8.staticflickr.com/7161/6430213513_02b5542890_n.jpg',0,0),(25,6,17,'http://farm9.staticflickr.com/8450/8014700704_c1ac5e6e9b_z.jpg','test','test',1370572630,'http://farm9.staticflickr.com/8450/8014700704_c1ac5e6e9b_m.jpg',0,0),(26,6,17,'http://farm5.staticflickr.com/4135/4852548105_f47030ce09_o.jpg','test','test',1370572630,'http://farm5.staticflickr.com/4135/4852548105_041d544a61_n.jpg',0,0),(27,6,17,'http://farm5.staticflickr.com/4135/4852548105_f47030ce09_o.jpg','test','test',1370572630,'http://farm5.staticflickr.com/4135/4852548105_041d544a61_n.jpg',0,0),(28,6,17,'http://farm8.staticflickr.com/7161/6430213513_02b5542890_b.jpg','test','test',1370572630,'http://farm8.staticflickr.com/7161/6430213513_02b5542890_n.jpg',0,0),(29,6,17,'http://farm8.staticflickr.com/7173/6430214673_6a80d19700_b.jpg','test','test',1370572630,'http://farm8.staticflickr.com/7173/6430214673_6a80d19700_m.jpg',0,0),(30,6,17,'http://farm5.staticflickr.com/4135/4852548105_f47030ce09_o.jpg','test','test',1370572630,'http://farm5.staticflickr.com/4135/4852548105_041d544a61_n.jpg',0,0),(31,6,17,'http://farm9.staticflickr.com/8450/8014700704_c1ac5e6e9b_z.jpg','test','test',1370572630,'http://farm9.staticflickr.com/8450/8014700704_c1ac5e6e9b_m.jpg',0,0),(32,7,3,'http://farm8.staticflickr.com/7173/6430214673_6a80d19700_b.jpg','test','test',1370572630,'http://farm8.staticflickr.com/7173/6430214673_6a80d19700_m.jpg',0,0),(33,7,3,'http://farm5.staticflickr.com/4135/4852548105_f47030ce09_o.jpg','test','test',1370572630,'http://farm5.staticflickr.com/4135/4852548105_041d544a61_n.jpg',0,0),(34,7,3,'http://farm9.staticflickr.com/8450/8014700704_c1ac5e6e9b_z.jpg','test','test',1370572630,'http://farm9.staticflickr.com/8450/8014700704_c1ac5e6e9b_m.jpg',0,0),(35,7,3,'http://farm4.staticflickr.com/3413/3544044637_208058c8b4_o.jpg','test','test',1370572630,'http://farm4.staticflickr.com/3413/3544044637_9a9a491978_m.jpg',0,0),(36,7,3,'http://farm8.staticflickr.com/7173/6430214673_6a80d19700_b.jpg','test','test',1370572630,'http://farm8.staticflickr.com/7173/6430214673_6a80d19700_m.jpg',0,0),(37,7,3,'http://farm5.staticflickr.com/4135/4852548105_f47030ce09_o.jpg','test','test',1370572630,'http://farm5.staticflickr.com/4135/4852548105_041d544a61_n.jpg',0,0),(38,7,3,'http://farm8.staticflickr.com/7173/6430214673_6a80d19700_b.jpg','test','test',1370572630,'http://farm8.staticflickr.com/7173/6430214673_6a80d19700_m.jpg',0,0),(39,7,17,'http://farm4.staticflickr.com/3413/3544044637_208058c8b4_o.jpg','test','test',1370572630,'http://farm4.staticflickr.com/3413/3544044637_9a9a491978_m.jpg',0,0),(40,7,17,'http://farm8.staticflickr.com/7161/6430213513_02b5542890_b.jpg','test','test',1370572630,'http://farm8.staticflickr.com/7161/6430213513_02b5542890_n.jpg',0,0),(41,7,17,'http://farm4.staticflickr.com/3413/3544044637_208058c8b4_o.jpg','test','test',1370572630,'http://farm4.staticflickr.com/3413/3544044637_9a9a491978_m.jpg',0,0),(42,7,17,'http://farm8.staticflickr.com/7173/6430214673_6a80d19700_b.jpg','test','test',1370572630,'http://farm8.staticflickr.com/7173/6430214673_6a80d19700_m.jpg',0,0),(43,7,17,'http://farm9.staticflickr.com/8450/8014700704_c1ac5e6e9b_z.jpg','test','test',1370572630,'http://farm9.staticflickr.com/8450/8014700704_c1ac5e6e9b_m.jpg',0,0),(44,7,17,'http://farm8.staticflickr.com/7173/6430214673_6a80d19700_b.jpg','test','test',1370572630,'http://farm8.staticflickr.com/7173/6430214673_6a80d19700_m.jpg',0,0),(45,7,17,'http://farm8.staticflickr.com/7161/6430213513_02b5542890_b.jpg','test','test',1370572630,'http://farm8.staticflickr.com/7161/6430213513_02b5542890_n.jpg',0,0),(46,8,30,'http://farm4.staticflickr.com/3413/3544044637_208058c8b4_o.jpg','test','test',1370572630,'http://farm4.staticflickr.com/3413/3544044637_9a9a491978_m.jpg',0,0),(47,8,30,'http://farm8.staticflickr.com/7173/6430214673_6a80d19700_b.jpg','test','test',1370572630,'http://farm8.staticflickr.com/7173/6430214673_6a80d19700_m.jpg',0,0),(48,8,30,'http://farm9.staticflickr.com/8450/8014700704_c1ac5e6e9b_z.jpg','test','test',1370572630,'http://farm9.staticflickr.com/8450/8014700704_c1ac5e6e9b_m.jpg',0,0),(49,8,30,'http://farm8.staticflickr.com/7173/6430214673_6a80d19700_b.jpg','test','test',1370572630,'http://farm8.staticflickr.com/7173/6430214673_6a80d19700_m.jpg',0,0),(50,8,30,'http://farm8.staticflickr.com/7161/6430213513_02b5542890_b.jpg','test','test',1370572630,'http://farm8.staticflickr.com/7161/6430213513_02b5542890_n.jpg',0,0),(51,8,30,'http://farm5.staticflickr.com/4135/4852548105_f47030ce09_o.jpg','test','test',1370572630,'http://farm5.staticflickr.com/4135/4852548105_041d544a61_n.jpg',0,0),(52,8,30,'http://farm5.staticflickr.com/4135/4852548105_f47030ce09_o.jpg','test','test',1370572630,'http://farm5.staticflickr.com/4135/4852548105_041d544a61_n.jpg',0,0),(53,8,20,'http://farm8.staticflickr.com/7161/6430213513_02b5542890_b.jpg','test','test',1370572630,'http://farm8.staticflickr.com/7161/6430213513_02b5542890_n.jpg',0,0),(54,8,20,'http://farm8.staticflickr.com/7173/6430214673_6a80d19700_b.jpg','test','test',1370572630,'http://farm8.staticflickr.com/7173/6430214673_6a80d19700_m.jpg',0,0),(55,8,20,'http://farm9.staticflickr.com/8450/8014700704_c1ac5e6e9b_z.jpg','test','test',1370572630,'http://farm9.staticflickr.com/8450/8014700704_c1ac5e6e9b_m.jpg',0,0),(56,8,20,'http://farm5.staticflickr.com/4135/4852548105_f47030ce09_o.jpg','test','test',1370572630,'http://farm5.staticflickr.com/4135/4852548105_041d544a61_n.jpg',0,0),(57,8,20,'http://farm4.staticflickr.com/3413/3544044637_208058c8b4_o.jpg','test','test',1370572630,'http://farm4.staticflickr.com/3413/3544044637_9a9a491978_m.jpg',0,0),(58,8,20,'http://farm9.staticflickr.com/8450/8014700704_c1ac5e6e9b_z.jpg','test','test',1370572630,'http://farm9.staticflickr.com/8450/8014700704_c1ac5e6e9b_m.jpg',0,0),(59,8,20,'http://farm4.staticflickr.com/3413/3544044637_208058c8b4_o.jpg','test','test',1370572630,'http://farm4.staticflickr.com/3413/3544044637_9a9a491978_m.jpg',0,0),(60,9,6,'http://farm4.staticflickr.com/3413/3544044637_208058c8b4_o.jpg','test','test',1370572630,'http://farm4.staticflickr.com/3413/3544044637_9a9a491978_m.jpg',0,0),(61,9,6,'http://farm9.staticflickr.com/8450/8014700704_c1ac5e6e9b_z.jpg','test','test',1370572630,'http://farm9.staticflickr.com/8450/8014700704_c1ac5e6e9b_m.jpg',0,0),(62,9,6,'http://farm9.staticflickr.com/8450/8014700704_c1ac5e6e9b_z.jpg','test','test',1370572630,'http://farm9.staticflickr.com/8450/8014700704_c1ac5e6e9b_m.jpg',0,0),(63,9,6,'http://farm9.staticflickr.com/8450/8014700704_c1ac5e6e9b_z.jpg','test','test',1370572630,'http://farm9.staticflickr.com/8450/8014700704_c1ac5e6e9b_m.jpg',0,0),(64,9,6,'http://farm5.staticflickr.com/4135/4852548105_f47030ce09_o.jpg','test','test',1370572630,'http://farm5.staticflickr.com/4135/4852548105_041d544a61_n.jpg',0,0),(65,9,6,'http://farm8.staticflickr.com/7173/6430214673_6a80d19700_b.jpg','test','test',1370572630,'http://farm8.staticflickr.com/7173/6430214673_6a80d19700_m.jpg',0,0),(66,9,6,'http://farm5.staticflickr.com/4135/4852548105_f47030ce09_o.jpg','test','test',1370572630,'http://farm5.staticflickr.com/4135/4852548105_041d544a61_n.jpg',0,0),(67,9,23,'http://farm4.staticflickr.com/3413/3544044637_208058c8b4_o.jpg','test','test',1370572630,'http://farm4.staticflickr.com/3413/3544044637_9a9a491978_m.jpg',0,0),(68,9,23,'http://farm8.staticflickr.com/7161/6430213513_02b5542890_b.jpg','test','test',1370572630,'http://farm8.staticflickr.com/7161/6430213513_02b5542890_n.jpg',0,0),(69,9,23,'http://farm4.staticflickr.com/3413/3544044637_208058c8b4_o.jpg','test','test',1370572630,'http://farm4.staticflickr.com/3413/3544044637_9a9a491978_m.jpg',0,0),(70,9,23,'http://farm9.staticflickr.com/8450/8014700704_c1ac5e6e9b_z.jpg','test','test',1370572630,'http://farm9.staticflickr.com/8450/8014700704_c1ac5e6e9b_m.jpg',0,0),(71,9,23,'http://farm5.staticflickr.com/4135/4852548105_f47030ce09_o.jpg','test','test',1370572630,'http://farm5.staticflickr.com/4135/4852548105_041d544a61_n.jpg',0,0),(72,9,23,'http://farm8.staticflickr.com/7173/6430214673_6a80d19700_b.jpg','test','test',1370572630,'http://farm8.staticflickr.com/7173/6430214673_6a80d19700_m.jpg',0,0),(73,9,23,'http://farm4.staticflickr.com/3413/3544044637_208058c8b4_o.jpg','test','test',1370572630,'http://farm4.staticflickr.com/3413/3544044637_9a9a491978_m.jpg',0,0),(74,10,26,'http://farm8.staticflickr.com/7161/6430213513_02b5542890_b.jpg','test','test',1370572630,'http://farm8.staticflickr.com/7161/6430213513_02b5542890_n.jpg',0,0),(75,10,26,'http://farm9.staticflickr.com/8450/8014700704_c1ac5e6e9b_z.jpg','test','test',1370572630,'http://farm9.staticflickr.com/8450/8014700704_c1ac5e6e9b_m.jpg',0,0),(76,10,26,'http://farm4.staticflickr.com/3413/3544044637_208058c8b4_o.jpg','test','test',1370572630,'http://farm4.staticflickr.com/3413/3544044637_9a9a491978_m.jpg',0,0),(77,10,26,'http://farm9.staticflickr.com/8450/8014700704_c1ac5e6e9b_z.jpg','test','test',1370572630,'http://farm9.staticflickr.com/8450/8014700704_c1ac5e6e9b_m.jpg',0,0),(78,10,26,'http://farm5.staticflickr.com/4135/4852548105_f47030ce09_o.jpg','test','test',1370572630,'http://farm5.staticflickr.com/4135/4852548105_041d544a61_n.jpg',0,0),(79,10,26,'http://farm8.staticflickr.com/7161/6430213513_02b5542890_b.jpg','test','test',1370572630,'http://farm8.staticflickr.com/7161/6430213513_02b5542890_n.jpg',0,0),(80,10,26,'http://farm8.staticflickr.com/7161/6430213513_02b5542890_b.jpg','test','test',1370572630,'http://farm8.staticflickr.com/7161/6430213513_02b5542890_n.jpg',0,0),(81,10,11,'http://farm4.staticflickr.com/3413/3544044637_208058c8b4_o.jpg','test','test',1370572630,'http://farm4.staticflickr.com/3413/3544044637_9a9a491978_m.jpg',0,0),(82,10,11,'http://farm5.staticflickr.com/4135/4852548105_f47030ce09_o.jpg','test','test',1370572630,'http://farm5.staticflickr.com/4135/4852548105_041d544a61_n.jpg',0,0),(83,10,11,'http://farm9.staticflickr.com/8450/8014700704_c1ac5e6e9b_z.jpg','test','test',1370572630,'http://farm9.staticflickr.com/8450/8014700704_c1ac5e6e9b_m.jpg',0,0),(84,10,11,'http://farm5.staticflickr.com/4135/4852548105_f47030ce09_o.jpg','test','test',1370572630,'http://farm5.staticflickr.com/4135/4852548105_041d544a61_n.jpg',0,0),(85,10,11,'http://farm5.staticflickr.com/4135/4852548105_f47030ce09_o.jpg','test','test',1370572630,'http://farm5.staticflickr.com/4135/4852548105_041d544a61_n.jpg',0,0),(86,10,11,'http://farm4.staticflickr.com/3413/3544044637_208058c8b4_o.jpg','test','test',1370572630,'http://farm4.staticflickr.com/3413/3544044637_9a9a491978_m.jpg',0,0),(87,10,11,'http://farm4.staticflickr.com/3413/3544044637_208058c8b4_o.jpg','test','test',1370572630,'http://farm4.staticflickr.com/3413/3544044637_9a9a491978_m.jpg',0,0),(88,11,25,'http://farm4.staticflickr.com/3413/3544044637_208058c8b4_o.jpg','test','test',1370572630,'http://farm4.staticflickr.com/3413/3544044637_9a9a491978_m.jpg',0,0),(89,11,25,'http://farm4.staticflickr.com/3413/3544044637_208058c8b4_o.jpg','test','test',1370572630,'http://farm4.staticflickr.com/3413/3544044637_9a9a491978_m.jpg',0,0),(90,11,25,'http://farm5.staticflickr.com/4135/4852548105_f47030ce09_o.jpg','test','test',1370572630,'http://farm5.staticflickr.com/4135/4852548105_041d544a61_n.jpg',0,0),(91,11,25,'http://farm5.staticflickr.com/4135/4852548105_f47030ce09_o.jpg','test','test',1370572630,'http://farm5.staticflickr.com/4135/4852548105_041d544a61_n.jpg',0,0),(92,11,25,'http://farm8.staticflickr.com/7173/6430214673_6a80d19700_b.jpg','test','test',1370572630,'http://farm8.staticflickr.com/7173/6430214673_6a80d19700_m.jpg',0,0),(93,11,25,'http://farm8.staticflickr.com/7173/6430214673_6a80d19700_b.jpg','test','test',1370572630,'http://farm8.staticflickr.com/7173/6430214673_6a80d19700_m.jpg',0,0),(94,11,25,'http://farm8.staticflickr.com/7173/6430214673_6a80d19700_b.jpg','test','test',1370572630,'http://farm8.staticflickr.com/7173/6430214673_6a80d19700_m.jpg',0,0),(95,11,13,'http://farm4.staticflickr.com/3413/3544044637_208058c8b4_o.jpg','test','test',1370572630,'http://farm4.staticflickr.com/3413/3544044637_9a9a491978_m.jpg',0,0),(96,11,13,'http://farm9.staticflickr.com/8450/8014700704_c1ac5e6e9b_z.jpg','test','test',1370572630,'http://farm9.staticflickr.com/8450/8014700704_c1ac5e6e9b_m.jpg',0,0),(97,11,13,'http://farm8.staticflickr.com/7161/6430213513_02b5542890_b.jpg','test','test',1370572630,'http://farm8.staticflickr.com/7161/6430213513_02b5542890_n.jpg',0,0),(98,11,13,'http://farm8.staticflickr.com/7161/6430213513_02b5542890_b.jpg','test','test',1370572630,'http://farm8.staticflickr.com/7161/6430213513_02b5542890_n.jpg',0,0),(99,11,13,'http://farm8.staticflickr.com/7173/6430214673_6a80d19700_b.jpg','test','test',1370572630,'http://farm8.staticflickr.com/7173/6430214673_6a80d19700_m.jpg',0,0),(100,11,13,'http://farm8.staticflickr.com/7173/6430214673_6a80d19700_b.jpg','test','test',1370572630,'http://farm8.staticflickr.com/7173/6430214673_6a80d19700_m.jpg',0,0),(101,11,13,'http://farm8.staticflickr.com/7173/6430214673_6a80d19700_b.jpg','test','test',1370572630,'http://farm8.staticflickr.com/7173/6430214673_6a80d19700_m.jpg',0,0),(102,12,35,'http://farm8.staticflickr.com/7173/6430214673_6a80d19700_b.jpg','test','test',1370572630,'http://farm8.staticflickr.com/7173/6430214673_6a80d19700_m.jpg',0,0),(103,12,35,'http://farm9.staticflickr.com/8450/8014700704_c1ac5e6e9b_z.jpg','test','test',1370572630,'http://farm9.staticflickr.com/8450/8014700704_c1ac5e6e9b_m.jpg',0,0),(104,12,35,'http://farm4.staticflickr.com/3413/3544044637_208058c8b4_o.jpg','test','test',1370572630,'http://farm4.staticflickr.com/3413/3544044637_9a9a491978_m.jpg',0,0),(105,12,35,'http://farm9.staticflickr.com/8450/8014700704_c1ac5e6e9b_z.jpg','test','test',1370572630,'http://farm9.staticflickr.com/8450/8014700704_c1ac5e6e9b_m.jpg',0,0),(106,12,35,'http://farm5.staticflickr.com/4135/4852548105_f47030ce09_o.jpg','test','test',1370572630,'http://farm5.staticflickr.com/4135/4852548105_041d544a61_n.jpg',0,0),(107,12,35,'http://farm8.staticflickr.com/7161/6430213513_02b5542890_b.jpg','test','test',1370572630,'http://farm8.staticflickr.com/7161/6430213513_02b5542890_n.jpg',0,0),(108,12,35,'http://farm8.staticflickr.com/7173/6430214673_6a80d19700_b.jpg','test','test',1370572630,'http://farm8.staticflickr.com/7173/6430214673_6a80d19700_m.jpg',0,0),(109,12,25,'http://farm9.staticflickr.com/8450/8014700704_c1ac5e6e9b_z.jpg','test','test',1370572630,'http://farm9.staticflickr.com/8450/8014700704_c1ac5e6e9b_m.jpg',0,0),(110,12,25,'http://farm8.staticflickr.com/7173/6430214673_6a80d19700_b.jpg','test','test',1370572630,'http://farm8.staticflickr.com/7173/6430214673_6a80d19700_m.jpg',0,0),(111,12,25,'http://farm8.staticflickr.com/7161/6430213513_02b5542890_b.jpg','test','test',1370572630,'http://farm8.staticflickr.com/7161/6430213513_02b5542890_n.jpg',0,0),(112,12,25,'http://farm4.staticflickr.com/3413/3544044637_208058c8b4_o.jpg','test','test',1370572630,'http://farm4.staticflickr.com/3413/3544044637_9a9a491978_m.jpg',0,0),(113,12,25,'http://farm8.staticflickr.com/7173/6430214673_6a80d19700_b.jpg','test','test',1370572630,'http://farm8.staticflickr.com/7173/6430214673_6a80d19700_m.jpg',0,0),(114,12,25,'http://farm8.staticflickr.com/7173/6430214673_6a80d19700_b.jpg','test','test',1370572630,'http://farm8.staticflickr.com/7173/6430214673_6a80d19700_m.jpg',0,0),(115,12,25,'http://farm8.staticflickr.com/7161/6430213513_02b5542890_b.jpg','test','test',1370572630,'http://farm8.staticflickr.com/7161/6430213513_02b5542890_n.jpg',0,0),(116,13,8,'http://farm8.staticflickr.com/7173/6430214673_6a80d19700_b.jpg','test','test',1370572630,'http://farm8.staticflickr.com/7173/6430214673_6a80d19700_m.jpg',0,0),(117,13,8,'http://farm8.staticflickr.com/7173/6430214673_6a80d19700_b.jpg','test','test',1370572630,'http://farm8.staticflickr.com/7173/6430214673_6a80d19700_m.jpg',0,0),(118,13,8,'http://farm4.staticflickr.com/3413/3544044637_208058c8b4_o.jpg','test','test',1370572630,'http://farm4.staticflickr.com/3413/3544044637_9a9a491978_m.jpg',0,0),(119,13,8,'http://farm5.staticflickr.com/4135/4852548105_f47030ce09_o.jpg','test','test',1370572630,'http://farm5.staticflickr.com/4135/4852548105_041d544a61_n.jpg',0,0),(120,13,8,'http://farm5.staticflickr.com/4135/4852548105_f47030ce09_o.jpg','test','test',1370572630,'http://farm5.staticflickr.com/4135/4852548105_041d544a61_n.jpg',0,0),(121,13,8,'http://farm9.staticflickr.com/8450/8014700704_c1ac5e6e9b_z.jpg','test','test',1370572630,'http://farm9.staticflickr.com/8450/8014700704_c1ac5e6e9b_m.jpg',0,0),(122,13,8,'http://farm9.staticflickr.com/8450/8014700704_c1ac5e6e9b_z.jpg','test','test',1370572630,'http://farm9.staticflickr.com/8450/8014700704_c1ac5e6e9b_m.jpg',0,0),(123,13,21,'http://farm9.staticflickr.com/8450/8014700704_c1ac5e6e9b_z.jpg','test','test',1370572630,'http://farm9.staticflickr.com/8450/8014700704_c1ac5e6e9b_m.jpg',0,0),(124,13,21,'http://farm8.staticflickr.com/7161/6430213513_02b5542890_b.jpg','test','test',1370572630,'http://farm8.staticflickr.com/7161/6430213513_02b5542890_n.jpg',0,0),(125,13,21,'http://farm9.staticflickr.com/8450/8014700704_c1ac5e6e9b_z.jpg','test','test',1370572630,'http://farm9.staticflickr.com/8450/8014700704_c1ac5e6e9b_m.jpg',0,0),(126,13,21,'http://farm8.staticflickr.com/7173/6430214673_6a80d19700_b.jpg','test','test',1370572630,'http://farm8.staticflickr.com/7173/6430214673_6a80d19700_m.jpg',0,0),(127,13,21,'http://farm5.staticflickr.com/4135/4852548105_f47030ce09_o.jpg','test','test',1370572630,'http://farm5.staticflickr.com/4135/4852548105_041d544a61_n.jpg',0,0),(128,13,21,'http://farm8.staticflickr.com/7173/6430214673_6a80d19700_b.jpg','test','test',1370572630,'http://farm8.staticflickr.com/7173/6430214673_6a80d19700_m.jpg',0,0),(129,13,21,'http://farm9.staticflickr.com/8450/8014700704_c1ac5e6e9b_z.jpg','test','test',1370572630,'http://farm9.staticflickr.com/8450/8014700704_c1ac5e6e9b_m.jpg',0,0),(130,14,3,'http://farm8.staticflickr.com/7161/6430213513_02b5542890_b.jpg','test','test',1370572630,'http://farm8.staticflickr.com/7161/6430213513_02b5542890_n.jpg',0,0),(131,14,3,'http://farm9.staticflickr.com/8450/8014700704_c1ac5e6e9b_z.jpg','test','test',1370572630,'http://farm9.staticflickr.com/8450/8014700704_c1ac5e6e9b_m.jpg',0,0),(132,14,3,'http://farm9.staticflickr.com/8450/8014700704_c1ac5e6e9b_z.jpg','test','test',1370572630,'http://farm9.staticflickr.com/8450/8014700704_c1ac5e6e9b_m.jpg',0,0),(133,14,3,'http://farm9.staticflickr.com/8450/8014700704_c1ac5e6e9b_z.jpg','test','test',1370572630,'http://farm9.staticflickr.com/8450/8014700704_c1ac5e6e9b_m.jpg',0,0),(134,14,3,'http://farm5.staticflickr.com/4135/4852548105_f47030ce09_o.jpg','test','test',1370572630,'http://farm5.staticflickr.com/4135/4852548105_041d544a61_n.jpg',0,0),(135,14,3,'http://farm8.staticflickr.com/7173/6430214673_6a80d19700_b.jpg','test','test',1370572630,'http://farm8.staticflickr.com/7173/6430214673_6a80d19700_m.jpg',0,0),(136,14,3,'http://farm5.staticflickr.com/4135/4852548105_f47030ce09_o.jpg','test','test',1370572630,'http://farm5.staticflickr.com/4135/4852548105_041d544a61_n.jpg',0,0),(137,14,29,'http://farm5.staticflickr.com/4135/4852548105_f47030ce09_o.jpg','test','test',1370572630,'http://farm5.staticflickr.com/4135/4852548105_041d544a61_n.jpg',0,0),(138,14,29,'http://farm8.staticflickr.com/7173/6430214673_6a80d19700_b.jpg','test','test',1370572630,'http://farm8.staticflickr.com/7173/6430214673_6a80d19700_m.jpg',0,0),(139,14,29,'http://farm8.staticflickr.com/7161/6430213513_02b5542890_b.jpg','test','test',1370572630,'http://farm8.staticflickr.com/7161/6430213513_02b5542890_n.jpg',0,0),(140,14,29,'http://farm9.staticflickr.com/8450/8014700704_c1ac5e6e9b_z.jpg','test','test',1370572630,'http://farm9.staticflickr.com/8450/8014700704_c1ac5e6e9b_m.jpg',0,0),(141,14,29,'http://farm8.staticflickr.com/7161/6430213513_02b5542890_b.jpg','test','test',1370572630,'http://farm8.staticflickr.com/7161/6430213513_02b5542890_n.jpg',0,0),(142,14,29,'http://farm4.staticflickr.com/3413/3544044637_208058c8b4_o.jpg','test','test',1370572630,'http://farm4.staticflickr.com/3413/3544044637_9a9a491978_m.jpg',0,0),(143,14,29,'http://farm9.staticflickr.com/8450/8014700704_c1ac5e6e9b_z.jpg','test','test',1370572630,'http://farm9.staticflickr.com/8450/8014700704_c1ac5e6e9b_m.jpg',0,0),(144,15,36,'http://farm9.staticflickr.com/8450/8014700704_c1ac5e6e9b_z.jpg','test','test',1370572630,'http://farm9.staticflickr.com/8450/8014700704_c1ac5e6e9b_m.jpg',0,0),(145,15,36,'http://farm4.staticflickr.com/3413/3544044637_208058c8b4_o.jpg','test','test',1370572630,'http://farm4.staticflickr.com/3413/3544044637_9a9a491978_m.jpg',0,0),(146,15,36,'http://farm5.staticflickr.com/4135/4852548105_f47030ce09_o.jpg','test','test',1370572630,'http://farm5.staticflickr.com/4135/4852548105_041d544a61_n.jpg',0,0),(147,15,36,'http://farm4.staticflickr.com/3413/3544044637_208058c8b4_o.jpg','test','test',1370572630,'http://farm4.staticflickr.com/3413/3544044637_9a9a491978_m.jpg',0,0),(148,15,36,'http://farm9.staticflickr.com/8450/8014700704_c1ac5e6e9b_z.jpg','test','test',1370572630,'http://farm9.staticflickr.com/8450/8014700704_c1ac5e6e9b_m.jpg',0,0),(149,15,36,'http://farm5.staticflickr.com/4135/4852548105_f47030ce09_o.jpg','test','test',1370572630,'http://farm5.staticflickr.com/4135/4852548105_041d544a61_n.jpg',0,0),(150,15,36,'http://farm8.staticflickr.com/7173/6430214673_6a80d19700_b.jpg','test','test',1370572630,'http://farm8.staticflickr.com/7173/6430214673_6a80d19700_m.jpg',0,0),(151,15,3,'http://farm9.staticflickr.com/8450/8014700704_c1ac5e6e9b_z.jpg','test','test',1370572630,'http://farm9.staticflickr.com/8450/8014700704_c1ac5e6e9b_m.jpg',0,0),(152,15,3,'http://farm8.staticflickr.com/7161/6430213513_02b5542890_b.jpg','test','test',1370572630,'http://farm8.staticflickr.com/7161/6430213513_02b5542890_n.jpg',0,0),(153,15,3,'http://farm8.staticflickr.com/7173/6430214673_6a80d19700_b.jpg','test','test',1370572630,'http://farm8.staticflickr.com/7173/6430214673_6a80d19700_m.jpg',0,0),(154,15,3,'http://farm4.staticflickr.com/3413/3544044637_208058c8b4_o.jpg','test','test',1370572630,'http://farm4.staticflickr.com/3413/3544044637_9a9a491978_m.jpg',0,0),(155,15,3,'http://farm5.staticflickr.com/4135/4852548105_f47030ce09_o.jpg','test','test',1370572630,'http://farm5.staticflickr.com/4135/4852548105_041d544a61_n.jpg',0,0),(156,15,3,'http://farm8.staticflickr.com/7161/6430213513_02b5542890_b.jpg','test','test',1370572630,'http://farm8.staticflickr.com/7161/6430213513_02b5542890_n.jpg',0,0),(157,15,3,'http://farm4.staticflickr.com/3413/3544044637_208058c8b4_o.jpg','test','test',1370572630,'http://farm4.staticflickr.com/3413/3544044637_9a9a491978_m.jpg',0,0),(158,16,8,'http://farm5.staticflickr.com/4135/4852548105_f47030ce09_o.jpg','test','test',1370572630,'http://farm5.staticflickr.com/4135/4852548105_041d544a61_n.jpg',0,0),(159,16,8,'http://farm9.staticflickr.com/8450/8014700704_c1ac5e6e9b_z.jpg','test','test',1370572630,'http://farm9.staticflickr.com/8450/8014700704_c1ac5e6e9b_m.jpg',0,0),(160,16,8,'http://farm8.staticflickr.com/7173/6430214673_6a80d19700_b.jpg','test','test',1370572630,'http://farm8.staticflickr.com/7173/6430214673_6a80d19700_m.jpg',0,0),(161,16,8,'http://farm8.staticflickr.com/7173/6430214673_6a80d19700_b.jpg','test','test',1370572630,'http://farm8.staticflickr.com/7173/6430214673_6a80d19700_m.jpg',0,0),(162,16,8,'http://farm8.staticflickr.com/7161/6430213513_02b5542890_b.jpg','test','test',1370572630,'http://farm8.staticflickr.com/7161/6430213513_02b5542890_n.jpg',0,0),(163,16,8,'http://farm9.staticflickr.com/8450/8014700704_c1ac5e6e9b_z.jpg','test','test',1370572630,'http://farm9.staticflickr.com/8450/8014700704_c1ac5e6e9b_m.jpg',0,0),(164,16,8,'http://farm9.staticflickr.com/8450/8014700704_c1ac5e6e9b_z.jpg','test','test',1370572630,'http://farm9.staticflickr.com/8450/8014700704_c1ac5e6e9b_m.jpg',0,0),(165,16,6,'http://farm8.staticflickr.com/7173/6430214673_6a80d19700_b.jpg','test','test',1370572630,'http://farm8.staticflickr.com/7173/6430214673_6a80d19700_m.jpg',0,0),(166,16,6,'http://farm8.staticflickr.com/7161/6430213513_02b5542890_b.jpg','test','test',1370572630,'http://farm8.staticflickr.com/7161/6430213513_02b5542890_n.jpg',0,0),(167,16,6,'http://farm9.staticflickr.com/8450/8014700704_c1ac5e6e9b_z.jpg','test','test',1370572630,'http://farm9.staticflickr.com/8450/8014700704_c1ac5e6e9b_m.jpg',0,0),(168,16,6,'http://farm4.staticflickr.com/3413/3544044637_208058c8b4_o.jpg','test','test',1370572630,'http://farm4.staticflickr.com/3413/3544044637_9a9a491978_m.jpg',0,0),(169,16,6,'http://farm8.staticflickr.com/7161/6430213513_02b5542890_b.jpg','test','test',1370572630,'http://farm8.staticflickr.com/7161/6430213513_02b5542890_n.jpg',0,0),(170,16,6,'http://farm8.staticflickr.com/7173/6430214673_6a80d19700_b.jpg','test','test',1370572630,'http://farm8.staticflickr.com/7173/6430214673_6a80d19700_m.jpg',0,0),(171,16,6,'http://farm4.staticflickr.com/3413/3544044637_208058c8b4_o.jpg','test','test',1370572630,'http://farm4.staticflickr.com/3413/3544044637_9a9a491978_m.jpg',0,0),(172,17,29,'http://farm8.staticflickr.com/7173/6430214673_6a80d19700_b.jpg','test','test',1370572630,'http://farm8.staticflickr.com/7173/6430214673_6a80d19700_m.jpg',0,0),(173,17,29,'http://farm8.staticflickr.com/7161/6430213513_02b5542890_b.jpg','test','test',1370572630,'http://farm8.staticflickr.com/7161/6430213513_02b5542890_n.jpg',0,0),(174,17,29,'http://farm8.staticflickr.com/7161/6430213513_02b5542890_b.jpg','test','test',1370572630,'http://farm8.staticflickr.com/7161/6430213513_02b5542890_n.jpg',0,0),(175,17,29,'http://farm8.staticflickr.com/7173/6430214673_6a80d19700_b.jpg','test','test',1370572630,'http://farm8.staticflickr.com/7173/6430214673_6a80d19700_m.jpg',0,0),(176,17,29,'http://farm9.staticflickr.com/8450/8014700704_c1ac5e6e9b_z.jpg','test','test',1370572630,'http://farm9.staticflickr.com/8450/8014700704_c1ac5e6e9b_m.jpg',0,0),(177,17,29,'http://farm4.staticflickr.com/3413/3544044637_208058c8b4_o.jpg','test','test',1370572630,'http://farm4.staticflickr.com/3413/3544044637_9a9a491978_m.jpg',0,0),(178,17,29,'http://farm8.staticflickr.com/7161/6430213513_02b5542890_b.jpg','test','test',1370572630,'http://farm8.staticflickr.com/7161/6430213513_02b5542890_n.jpg',0,0),(179,17,9,'http://farm8.staticflickr.com/7173/6430214673_6a80d19700_b.jpg','test','test',1370572630,'http://farm8.staticflickr.com/7173/6430214673_6a80d19700_m.jpg',0,0),(180,17,9,'http://farm5.staticflickr.com/4135/4852548105_f47030ce09_o.jpg','test','test',1370572630,'http://farm5.staticflickr.com/4135/4852548105_041d544a61_n.jpg',0,0),(181,17,9,'http://farm9.staticflickr.com/8450/8014700704_c1ac5e6e9b_z.jpg','test','test',1370572630,'http://farm9.staticflickr.com/8450/8014700704_c1ac5e6e9b_m.jpg',0,0),(182,17,9,'http://farm4.staticflickr.com/3413/3544044637_208058c8b4_o.jpg','test','test',1370572630,'http://farm4.staticflickr.com/3413/3544044637_9a9a491978_m.jpg',0,0),(183,17,9,'http://farm8.staticflickr.com/7173/6430214673_6a80d19700_b.jpg','test','test',1370572630,'http://farm8.staticflickr.com/7173/6430214673_6a80d19700_m.jpg',0,0),(184,17,9,'http://farm4.staticflickr.com/3413/3544044637_208058c8b4_o.jpg','test','test',1370572630,'http://farm4.staticflickr.com/3413/3544044637_9a9a491978_m.jpg',0,0),(185,17,9,'http://farm9.staticflickr.com/8450/8014700704_c1ac5e6e9b_z.jpg','test','test',1370572630,'http://farm9.staticflickr.com/8450/8014700704_c1ac5e6e9b_m.jpg',0,0),(186,18,4,'http://farm4.staticflickr.com/3413/3544044637_208058c8b4_o.jpg','test','test',1370572630,'http://farm4.staticflickr.com/3413/3544044637_9a9a491978_m.jpg',0,0),(187,18,4,'http://farm8.staticflickr.com/7161/6430213513_02b5542890_b.jpg','test','test',1370572630,'http://farm8.staticflickr.com/7161/6430213513_02b5542890_n.jpg',0,0),(188,18,4,'http://farm8.staticflickr.com/7173/6430214673_6a80d19700_b.jpg','test','test',1370572630,'http://farm8.staticflickr.com/7173/6430214673_6a80d19700_m.jpg',0,0),(189,18,4,'http://farm8.staticflickr.com/7161/6430213513_02b5542890_b.jpg','test','test',1370572630,'http://farm8.staticflickr.com/7161/6430213513_02b5542890_n.jpg',0,0),(190,18,4,'http://farm5.staticflickr.com/4135/4852548105_f47030ce09_o.jpg','test','test',1370572630,'http://farm5.staticflickr.com/4135/4852548105_041d544a61_n.jpg',0,0),(191,18,4,'http://farm8.staticflickr.com/7161/6430213513_02b5542890_b.jpg','test','test',1370572630,'http://farm8.staticflickr.com/7161/6430213513_02b5542890_n.jpg',0,0),(192,18,4,'http://farm8.staticflickr.com/7161/6430213513_02b5542890_b.jpg','test','test',1370572630,'http://farm8.staticflickr.com/7161/6430213513_02b5542890_n.jpg',0,0),(193,18,6,'http://farm4.staticflickr.com/3413/3544044637_208058c8b4_o.jpg','test','test',1370572630,'http://farm4.staticflickr.com/3413/3544044637_9a9a491978_m.jpg',0,0),(194,18,6,'http://farm5.staticflickr.com/4135/4852548105_f47030ce09_o.jpg','test','test',1370572630,'http://farm5.staticflickr.com/4135/4852548105_041d544a61_n.jpg',0,0),(195,18,6,'http://farm9.staticflickr.com/8450/8014700704_c1ac5e6e9b_z.jpg','test','test',1370572630,'http://farm9.staticflickr.com/8450/8014700704_c1ac5e6e9b_m.jpg',0,0),(196,18,6,'http://farm8.staticflickr.com/7161/6430213513_02b5542890_b.jpg','test','test',1370572630,'http://farm8.staticflickr.com/7161/6430213513_02b5542890_n.jpg',0,0),(197,18,6,'http://farm9.staticflickr.com/8450/8014700704_c1ac5e6e9b_z.jpg','test','test',1370572630,'http://farm9.staticflickr.com/8450/8014700704_c1ac5e6e9b_m.jpg',0,0),(198,18,6,'http://farm4.staticflickr.com/3413/3544044637_208058c8b4_o.jpg','test','test',1370572630,'http://farm4.staticflickr.com/3413/3544044637_9a9a491978_m.jpg',0,0),(199,18,6,'http://farm9.staticflickr.com/8450/8014700704_c1ac5e6e9b_z.jpg','test','test',1370572630,'http://farm9.staticflickr.com/8450/8014700704_c1ac5e6e9b_m.jpg',0,0),(200,19,14,'http://farm8.staticflickr.com/7173/6430214673_6a80d19700_b.jpg','test','test',1370572630,'http://farm8.staticflickr.com/7173/6430214673_6a80d19700_m.jpg',0,0),(201,19,14,'http://farm5.staticflickr.com/4135/4852548105_f47030ce09_o.jpg','test','test',1370572630,'http://farm5.staticflickr.com/4135/4852548105_041d544a61_n.jpg',0,0),(202,19,14,'http://farm5.staticflickr.com/4135/4852548105_f47030ce09_o.jpg','test','test',1370572630,'http://farm5.staticflickr.com/4135/4852548105_041d544a61_n.jpg',0,0),(203,19,14,'http://farm8.staticflickr.com/7161/6430213513_02b5542890_b.jpg','test','test',1370572630,'http://farm8.staticflickr.com/7161/6430213513_02b5542890_n.jpg',0,0),(204,19,14,'http://farm8.staticflickr.com/7161/6430213513_02b5542890_b.jpg','test','test',1370572630,'http://farm8.staticflickr.com/7161/6430213513_02b5542890_n.jpg',0,0),(205,19,14,'http://farm9.staticflickr.com/8450/8014700704_c1ac5e6e9b_z.jpg','test','test',1370572630,'http://farm9.staticflickr.com/8450/8014700704_c1ac5e6e9b_m.jpg',0,0),(206,19,14,'http://farm5.staticflickr.com/4135/4852548105_f47030ce09_o.jpg','test','test',1370572630,'http://farm5.staticflickr.com/4135/4852548105_041d544a61_n.jpg',0,0),(207,19,33,'http://farm4.staticflickr.com/3413/3544044637_208058c8b4_o.jpg','test','test',1370572630,'http://farm4.staticflickr.com/3413/3544044637_9a9a491978_m.jpg',0,0),(208,19,33,'http://farm5.staticflickr.com/4135/4852548105_f47030ce09_o.jpg','test','test',1370572630,'http://farm5.staticflickr.com/4135/4852548105_041d544a61_n.jpg',0,0),(209,19,33,'http://farm4.staticflickr.com/3413/3544044637_208058c8b4_o.jpg','test','test',1370572630,'http://farm4.staticflickr.com/3413/3544044637_9a9a491978_m.jpg',0,0),(210,19,33,'http://farm8.staticflickr.com/7173/6430214673_6a80d19700_b.jpg','test','test',1370572630,'http://farm8.staticflickr.com/7173/6430214673_6a80d19700_m.jpg',0,0),(211,19,33,'http://farm5.staticflickr.com/4135/4852548105_f47030ce09_o.jpg','test','test',1370572630,'http://farm5.staticflickr.com/4135/4852548105_041d544a61_n.jpg',0,0),(212,19,33,'http://farm9.staticflickr.com/8450/8014700704_c1ac5e6e9b_z.jpg','test','test',1370572630,'http://farm9.staticflickr.com/8450/8014700704_c1ac5e6e9b_m.jpg',0,0),(213,19,33,'http://farm8.staticflickr.com/7173/6430214673_6a80d19700_b.jpg','test','test',1370572630,'http://farm8.staticflickr.com/7173/6430214673_6a80d19700_m.jpg',0,0),(214,20,28,'http://farm8.staticflickr.com/7161/6430213513_02b5542890_b.jpg','test','test',1370572630,'http://farm8.staticflickr.com/7161/6430213513_02b5542890_n.jpg',0,0),(215,20,28,'http://farm5.staticflickr.com/4135/4852548105_f47030ce09_o.jpg','test','test',1370572630,'http://farm5.staticflickr.com/4135/4852548105_041d544a61_n.jpg',0,0),(216,20,28,'http://farm9.staticflickr.com/8450/8014700704_c1ac5e6e9b_z.jpg','test','test',1370572630,'http://farm9.staticflickr.com/8450/8014700704_c1ac5e6e9b_m.jpg',0,0),(217,20,28,'http://farm8.staticflickr.com/7173/6430214673_6a80d19700_b.jpg','test','test',1370572630,'http://farm8.staticflickr.com/7173/6430214673_6a80d19700_m.jpg',0,0),(218,20,28,'http://farm9.staticflickr.com/8450/8014700704_c1ac5e6e9b_z.jpg','test','test',1370572630,'http://farm9.staticflickr.com/8450/8014700704_c1ac5e6e9b_m.jpg',0,0),(219,20,28,'http://farm5.staticflickr.com/4135/4852548105_f47030ce09_o.jpg','test','test',1370572630,'http://farm5.staticflickr.com/4135/4852548105_041d544a61_n.jpg',0,0),(220,20,28,'http://farm8.staticflickr.com/7161/6430213513_02b5542890_b.jpg','test','test',1370572630,'http://farm8.staticflickr.com/7161/6430213513_02b5542890_n.jpg',0,0),(221,20,3,'http://farm8.staticflickr.com/7173/6430214673_6a80d19700_b.jpg','test','test',1370572630,'http://farm8.staticflickr.com/7173/6430214673_6a80d19700_m.jpg',0,0),(222,20,3,'http://farm8.staticflickr.com/7161/6430213513_02b5542890_b.jpg','test','test',1370572630,'http://farm8.staticflickr.com/7161/6430213513_02b5542890_n.jpg',0,0),(223,20,3,'http://farm8.staticflickr.com/7161/6430213513_02b5542890_b.jpg','test','test',1370572630,'http://farm8.staticflickr.com/7161/6430213513_02b5542890_n.jpg',0,0),(224,20,3,'http://farm8.staticflickr.com/7173/6430214673_6a80d19700_b.jpg','test','test',1370572630,'http://farm8.staticflickr.com/7173/6430214673_6a80d19700_m.jpg',0,0),(225,20,3,'http://farm8.staticflickr.com/7161/6430213513_02b5542890_b.jpg','test','test',1370572630,'http://farm8.staticflickr.com/7161/6430213513_02b5542890_n.jpg',0,0),(226,20,3,'http://farm5.staticflickr.com/4135/4852548105_f47030ce09_o.jpg','test','test',1370572630,'http://farm5.staticflickr.com/4135/4852548105_041d544a61_n.jpg',0,0),(227,20,3,'http://farm5.staticflickr.com/4135/4852548105_f47030ce09_o.jpg','test','test',1370572630,'http://farm5.staticflickr.com/4135/4852548105_041d544a61_n.jpg',0,0),(228,21,32,'http://farm8.staticflickr.com/7161/6430213513_02b5542890_b.jpg','test','test',1370572630,'http://farm8.staticflickr.com/7161/6430213513_02b5542890_n.jpg',0,0),(229,21,32,'http://farm8.staticflickr.com/7173/6430214673_6a80d19700_b.jpg','test','test',1370572630,'http://farm8.staticflickr.com/7173/6430214673_6a80d19700_m.jpg',0,0),(230,21,32,'http://farm8.staticflickr.com/7173/6430214673_6a80d19700_b.jpg','test','test',1370572630,'http://farm8.staticflickr.com/7173/6430214673_6a80d19700_m.jpg',0,0),(231,21,32,'http://farm4.staticflickr.com/3413/3544044637_208058c8b4_o.jpg','test','test',1370572630,'http://farm4.staticflickr.com/3413/3544044637_9a9a491978_m.jpg',0,0),(232,21,32,'http://farm8.staticflickr.com/7173/6430214673_6a80d19700_b.jpg','test','test',1370572630,'http://farm8.staticflickr.com/7173/6430214673_6a80d19700_m.jpg',0,0),(233,21,32,'http://farm4.staticflickr.com/3413/3544044637_208058c8b4_o.jpg','test','test',1370572630,'http://farm4.staticflickr.com/3413/3544044637_9a9a491978_m.jpg',0,0),(234,21,32,'http://farm4.staticflickr.com/3413/3544044637_208058c8b4_o.jpg','test','test',1370572630,'http://farm4.staticflickr.com/3413/3544044637_9a9a491978_m.jpg',0,0),(235,21,11,'http://farm8.staticflickr.com/7161/6430213513_02b5542890_b.jpg','test','test',1370572630,'http://farm8.staticflickr.com/7161/6430213513_02b5542890_n.jpg',0,0),(236,21,11,'http://farm5.staticflickr.com/4135/4852548105_f47030ce09_o.jpg','test','test',1370572630,'http://farm5.staticflickr.com/4135/4852548105_041d544a61_n.jpg',0,0),(237,21,11,'http://farm8.staticflickr.com/7161/6430213513_02b5542890_b.jpg','test','test',1370572630,'http://farm8.staticflickr.com/7161/6430213513_02b5542890_n.jpg',0,0),(238,21,11,'http://farm8.staticflickr.com/7173/6430214673_6a80d19700_b.jpg','test','test',1370572630,'http://farm8.staticflickr.com/7173/6430214673_6a80d19700_m.jpg',0,0),(239,21,11,'http://farm5.staticflickr.com/4135/4852548105_f47030ce09_o.jpg','test','test',1370572630,'http://farm5.staticflickr.com/4135/4852548105_041d544a61_n.jpg',0,0),(240,21,11,'http://farm4.staticflickr.com/3413/3544044637_208058c8b4_o.jpg','test','test',1370572630,'http://farm4.staticflickr.com/3413/3544044637_9a9a491978_m.jpg',0,0),(241,21,11,'http://farm4.staticflickr.com/3413/3544044637_208058c8b4_o.jpg','test','test',1370572630,'http://farm4.staticflickr.com/3413/3544044637_9a9a491978_m.jpg',0,0),(242,22,9,'http://farm8.staticflickr.com/7161/6430213513_02b5542890_b.jpg','test','test',1370572630,'http://farm8.staticflickr.com/7161/6430213513_02b5542890_n.jpg',0,0),(243,22,9,'http://farm4.staticflickr.com/3413/3544044637_208058c8b4_o.jpg','test','test',1370572630,'http://farm4.staticflickr.com/3413/3544044637_9a9a491978_m.jpg',0,0),(244,22,9,'http://farm8.staticflickr.com/7161/6430213513_02b5542890_b.jpg','test','test',1370572630,'http://farm8.staticflickr.com/7161/6430213513_02b5542890_n.jpg',0,0),(245,22,9,'http://farm5.staticflickr.com/4135/4852548105_f47030ce09_o.jpg','test','test',1370572630,'http://farm5.staticflickr.com/4135/4852548105_041d544a61_n.jpg',0,0),(246,22,9,'http://farm8.staticflickr.com/7161/6430213513_02b5542890_b.jpg','test','test',1370572630,'http://farm8.staticflickr.com/7161/6430213513_02b5542890_n.jpg',0,0),(247,22,9,'http://farm9.staticflickr.com/8450/8014700704_c1ac5e6e9b_z.jpg','test','test',1370572630,'http://farm9.staticflickr.com/8450/8014700704_c1ac5e6e9b_m.jpg',0,0),(248,22,9,'http://farm5.staticflickr.com/4135/4852548105_f47030ce09_o.jpg','test','test',1370572630,'http://farm5.staticflickr.com/4135/4852548105_041d544a61_n.jpg',0,0),(249,22,36,'http://farm8.staticflickr.com/7161/6430213513_02b5542890_b.jpg','test','test',1370572630,'http://farm8.staticflickr.com/7161/6430213513_02b5542890_n.jpg',0,0),(250,22,36,'http://farm8.staticflickr.com/7173/6430214673_6a80d19700_b.jpg','test','test',1370572630,'http://farm8.staticflickr.com/7173/6430214673_6a80d19700_m.jpg',0,0),(251,22,36,'http://farm9.staticflickr.com/8450/8014700704_c1ac5e6e9b_z.jpg','test','test',1370572630,'http://farm9.staticflickr.com/8450/8014700704_c1ac5e6e9b_m.jpg',0,0),(252,22,36,'http://farm9.staticflickr.com/8450/8014700704_c1ac5e6e9b_z.jpg','test','test',1370572630,'http://farm9.staticflickr.com/8450/8014700704_c1ac5e6e9b_m.jpg',0,0),(253,22,36,'http://farm4.staticflickr.com/3413/3544044637_208058c8b4_o.jpg','test','test',1370572630,'http://farm4.staticflickr.com/3413/3544044637_9a9a491978_m.jpg',0,0),(254,22,36,'http://farm4.staticflickr.com/3413/3544044637_208058c8b4_o.jpg','test','test',1370572630,'http://farm4.staticflickr.com/3413/3544044637_9a9a491978_m.jpg',0,0),(255,22,36,'http://farm4.staticflickr.com/3413/3544044637_208058c8b4_o.jpg','test','test',1370572630,'http://farm4.staticflickr.com/3413/3544044637_9a9a491978_m.jpg',0,0),(256,23,17,'http://farm9.staticflickr.com/8450/8014700704_c1ac5e6e9b_z.jpg','test','test',1370572630,'http://farm9.staticflickr.com/8450/8014700704_c1ac5e6e9b_m.jpg',0,0),(257,23,17,'http://farm9.staticflickr.com/8450/8014700704_c1ac5e6e9b_z.jpg','test','test',1370572630,'http://farm9.staticflickr.com/8450/8014700704_c1ac5e6e9b_m.jpg',0,0),(258,23,17,'http://farm8.staticflickr.com/7173/6430214673_6a80d19700_b.jpg','test','test',1370572630,'http://farm8.staticflickr.com/7173/6430214673_6a80d19700_m.jpg',0,0),(259,23,17,'http://farm8.staticflickr.com/7161/6430213513_02b5542890_b.jpg','test','test',1370572630,'http://farm8.staticflickr.com/7161/6430213513_02b5542890_n.jpg',0,0),(260,23,17,'http://farm4.staticflickr.com/3413/3544044637_208058c8b4_o.jpg','test','test',1370572630,'http://farm4.staticflickr.com/3413/3544044637_9a9a491978_m.jpg',0,0),(261,23,17,'http://farm8.staticflickr.com/7173/6430214673_6a80d19700_b.jpg','test','test',1370572630,'http://farm8.staticflickr.com/7173/6430214673_6a80d19700_m.jpg',0,0),(262,23,17,'http://farm5.staticflickr.com/4135/4852548105_f47030ce09_o.jpg','test','test',1370572630,'http://farm5.staticflickr.com/4135/4852548105_041d544a61_n.jpg',0,0),(263,23,15,'http://farm4.staticflickr.com/3413/3544044637_208058c8b4_o.jpg','test','test',1370572630,'http://farm4.staticflickr.com/3413/3544044637_9a9a491978_m.jpg',0,0),(264,23,15,'http://farm8.staticflickr.com/7173/6430214673_6a80d19700_b.jpg','test','test',1370572630,'http://farm8.staticflickr.com/7173/6430214673_6a80d19700_m.jpg',0,0),(265,23,15,'http://farm8.staticflickr.com/7161/6430213513_02b5542890_b.jpg','test','test',1370572630,'http://farm8.staticflickr.com/7161/6430213513_02b5542890_n.jpg',0,0),(266,23,15,'http://farm8.staticflickr.com/7161/6430213513_02b5542890_b.jpg','test','test',1370572630,'http://farm8.staticflickr.com/7161/6430213513_02b5542890_n.jpg',0,0),(267,23,15,'http://farm9.staticflickr.com/8450/8014700704_c1ac5e6e9b_z.jpg','test','test',1370572630,'http://farm9.staticflickr.com/8450/8014700704_c1ac5e6e9b_m.jpg',0,0),(268,23,15,'http://farm8.staticflickr.com/7161/6430213513_02b5542890_b.jpg','test','test',1370572630,'http://farm8.staticflickr.com/7161/6430213513_02b5542890_n.jpg',0,0),(269,23,15,'http://farm5.staticflickr.com/4135/4852548105_f47030ce09_o.jpg','test','test',1370572630,'http://farm5.staticflickr.com/4135/4852548105_041d544a61_n.jpg',0,0),(270,24,27,'http://farm8.staticflickr.com/7161/6430213513_02b5542890_b.jpg','test','test',1370572630,'http://farm8.staticflickr.com/7161/6430213513_02b5542890_n.jpg',0,0),(271,24,27,'http://farm8.staticflickr.com/7173/6430214673_6a80d19700_b.jpg','test','test',1370572630,'http://farm8.staticflickr.com/7173/6430214673_6a80d19700_m.jpg',0,0),(272,24,27,'http://farm8.staticflickr.com/7173/6430214673_6a80d19700_b.jpg','test','test',1370572630,'http://farm8.staticflickr.com/7173/6430214673_6a80d19700_m.jpg',0,0),(273,24,27,'http://farm4.staticflickr.com/3413/3544044637_208058c8b4_o.jpg','test','test',1370572630,'http://farm4.staticflickr.com/3413/3544044637_9a9a491978_m.jpg',0,0),(274,24,27,'http://farm8.staticflickr.com/7173/6430214673_6a80d19700_b.jpg','test','test',1370572630,'http://farm8.staticflickr.com/7173/6430214673_6a80d19700_m.jpg',0,0),(275,24,27,'http://farm9.staticflickr.com/8450/8014700704_c1ac5e6e9b_z.jpg','test','test',1370572630,'http://farm9.staticflickr.com/8450/8014700704_c1ac5e6e9b_m.jpg',0,0),(276,24,27,'http://farm4.staticflickr.com/3413/3544044637_208058c8b4_o.jpg','test','test',1370572630,'http://farm4.staticflickr.com/3413/3544044637_9a9a491978_m.jpg',0,0),(277,24,35,'http://farm8.staticflickr.com/7173/6430214673_6a80d19700_b.jpg','test','test',1370572630,'http://farm8.staticflickr.com/7173/6430214673_6a80d19700_m.jpg',0,0),(278,24,35,'http://farm9.staticflickr.com/8450/8014700704_c1ac5e6e9b_z.jpg','test','test',1370572630,'http://farm9.staticflickr.com/8450/8014700704_c1ac5e6e9b_m.jpg',0,0),(279,24,35,'http://farm4.staticflickr.com/3413/3544044637_208058c8b4_o.jpg','test','test',1370572630,'http://farm4.staticflickr.com/3413/3544044637_9a9a491978_m.jpg',0,0),(280,24,35,'http://farm8.staticflickr.com/7173/6430214673_6a80d19700_b.jpg','test','test',1370572630,'http://farm8.staticflickr.com/7173/6430214673_6a80d19700_m.jpg',0,0),(281,24,35,'http://farm4.staticflickr.com/3413/3544044637_208058c8b4_o.jpg','test','test',1370572630,'http://farm4.staticflickr.com/3413/3544044637_9a9a491978_m.jpg',0,0),(282,24,35,'http://farm5.staticflickr.com/4135/4852548105_f47030ce09_o.jpg','test','test',1370572630,'http://farm5.staticflickr.com/4135/4852548105_041d544a61_n.jpg',0,0),(283,24,35,'http://farm5.staticflickr.com/4135/4852548105_f47030ce09_o.jpg','test','test',1370572630,'http://farm5.staticflickr.com/4135/4852548105_041d544a61_n.jpg',0,0),(284,25,3,'http://farm5.staticflickr.com/4135/4852548105_f47030ce09_o.jpg','test','test',1370572630,'http://farm5.staticflickr.com/4135/4852548105_041d544a61_n.jpg',0,0),(285,25,3,'http://farm9.staticflickr.com/8450/8014700704_c1ac5e6e9b_z.jpg','test','test',1370572630,'http://farm9.staticflickr.com/8450/8014700704_c1ac5e6e9b_m.jpg',0,0),(286,25,3,'http://farm5.staticflickr.com/4135/4852548105_f47030ce09_o.jpg','test','test',1370572630,'http://farm5.staticflickr.com/4135/4852548105_041d544a61_n.jpg',0,0),(287,25,3,'http://farm8.staticflickr.com/7161/6430213513_02b5542890_b.jpg','test','test',1370572630,'http://farm8.staticflickr.com/7161/6430213513_02b5542890_n.jpg',0,0),(288,25,3,'http://farm8.staticflickr.com/7173/6430214673_6a80d19700_b.jpg','test','test',1370572630,'http://farm8.staticflickr.com/7173/6430214673_6a80d19700_m.jpg',0,0),(289,25,3,'http://farm8.staticflickr.com/7161/6430213513_02b5542890_b.jpg','test','test',1370572630,'http://farm8.staticflickr.com/7161/6430213513_02b5542890_n.jpg',0,0),(290,25,3,'http://farm4.staticflickr.com/3413/3544044637_208058c8b4_o.jpg','test','test',1370572630,'http://farm4.staticflickr.com/3413/3544044637_9a9a491978_m.jpg',0,0),(291,25,4,'http://farm5.staticflickr.com/4135/4852548105_f47030ce09_o.jpg','test','test',1370572630,'http://farm5.staticflickr.com/4135/4852548105_041d544a61_n.jpg',0,0),(292,25,4,'http://farm8.staticflickr.com/7161/6430213513_02b5542890_b.jpg','test','test',1370572630,'http://farm8.staticflickr.com/7161/6430213513_02b5542890_n.jpg',0,0),(293,25,4,'http://farm8.staticflickr.com/7161/6430213513_02b5542890_b.jpg','test','test',1370572630,'http://farm8.staticflickr.com/7161/6430213513_02b5542890_n.jpg',0,0),(294,25,4,'http://farm4.staticflickr.com/3413/3544044637_208058c8b4_o.jpg','test','test',1370572630,'http://farm4.staticflickr.com/3413/3544044637_9a9a491978_m.jpg',0,0),(295,25,4,'http://farm4.staticflickr.com/3413/3544044637_208058c8b4_o.jpg','test','test',1370572630,'http://farm4.staticflickr.com/3413/3544044637_9a9a491978_m.jpg',0,0),(296,25,4,'http://farm8.staticflickr.com/7173/6430214673_6a80d19700_b.jpg','test','test',1370572630,'http://farm8.staticflickr.com/7173/6430214673_6a80d19700_m.jpg',0,0),(297,25,4,'http://farm8.staticflickr.com/7161/6430213513_02b5542890_b.jpg','test','test',1370572630,'http://farm8.staticflickr.com/7161/6430213513_02b5542890_n.jpg',0,0),(298,26,13,'http://farm8.staticflickr.com/7161/6430213513_02b5542890_b.jpg','test','test',1370572630,'http://farm8.staticflickr.com/7161/6430213513_02b5542890_n.jpg',0,0),(299,26,13,'http://farm5.staticflickr.com/4135/4852548105_f47030ce09_o.jpg','test','test',1370572630,'http://farm5.staticflickr.com/4135/4852548105_041d544a61_n.jpg',0,0),(300,26,13,'http://farm8.staticflickr.com/7173/6430214673_6a80d19700_b.jpg','test','test',1370572630,'http://farm8.staticflickr.com/7173/6430214673_6a80d19700_m.jpg',0,0),(301,26,13,'http://farm5.staticflickr.com/4135/4852548105_f47030ce09_o.jpg','test','test',1370572630,'http://farm5.staticflickr.com/4135/4852548105_041d544a61_n.jpg',0,0),(302,26,13,'http://farm4.staticflickr.com/3413/3544044637_208058c8b4_o.jpg','test','test',1370572630,'http://farm4.staticflickr.com/3413/3544044637_9a9a491978_m.jpg',0,0),(303,26,13,'http://farm9.staticflickr.com/8450/8014700704_c1ac5e6e9b_z.jpg','test','test',1370572630,'http://farm9.staticflickr.com/8450/8014700704_c1ac5e6e9b_m.jpg',0,0),(304,26,13,'http://farm5.staticflickr.com/4135/4852548105_f47030ce09_o.jpg','test','test',1370572630,'http://farm5.staticflickr.com/4135/4852548105_041d544a61_n.jpg',0,0),(305,26,5,'http://farm8.staticflickr.com/7173/6430214673_6a80d19700_b.jpg','test','test',1370572630,'http://farm8.staticflickr.com/7173/6430214673_6a80d19700_m.jpg',0,0),(306,26,5,'http://farm8.staticflickr.com/7161/6430213513_02b5542890_b.jpg','test','test',1370572630,'http://farm8.staticflickr.com/7161/6430213513_02b5542890_n.jpg',0,0),(307,26,5,'http://farm8.staticflickr.com/7173/6430214673_6a80d19700_b.jpg','test','test',1370572630,'http://farm8.staticflickr.com/7173/6430214673_6a80d19700_m.jpg',0,0),(308,26,5,'http://farm9.staticflickr.com/8450/8014700704_c1ac5e6e9b_z.jpg','test','test',1370572630,'http://farm9.staticflickr.com/8450/8014700704_c1ac5e6e9b_m.jpg',0,0),(309,26,5,'http://farm8.staticflickr.com/7173/6430214673_6a80d19700_b.jpg','test','test',1370572630,'http://farm8.staticflickr.com/7173/6430214673_6a80d19700_m.jpg',0,0),(310,26,5,'http://farm9.staticflickr.com/8450/8014700704_c1ac5e6e9b_z.jpg','test','test',1370572630,'http://farm9.staticflickr.com/8450/8014700704_c1ac5e6e9b_m.jpg',0,0),(311,26,5,'http://farm9.staticflickr.com/8450/8014700704_c1ac5e6e9b_z.jpg','test','test',1370572630,'http://farm9.staticflickr.com/8450/8014700704_c1ac5e6e9b_m.jpg',0,0),(312,27,39,'http://farm9.staticflickr.com/8450/8014700704_c1ac5e6e9b_z.jpg','test','test',1370572630,'http://farm9.staticflickr.com/8450/8014700704_c1ac5e6e9b_m.jpg',0,0),(313,27,39,'http://farm5.staticflickr.com/4135/4852548105_f47030ce09_o.jpg','test','test',1370572630,'http://farm5.staticflickr.com/4135/4852548105_041d544a61_n.jpg',0,0),(314,27,39,'http://farm8.staticflickr.com/7161/6430213513_02b5542890_b.jpg','test','test',1370572630,'http://farm8.staticflickr.com/7161/6430213513_02b5542890_n.jpg',0,0),(315,27,39,'http://farm8.staticflickr.com/7173/6430214673_6a80d19700_b.jpg','test','test',1370572630,'http://farm8.staticflickr.com/7173/6430214673_6a80d19700_m.jpg',0,0),(316,27,39,'http://farm9.staticflickr.com/8450/8014700704_c1ac5e6e9b_z.jpg','test','test',1370572630,'http://farm9.staticflickr.com/8450/8014700704_c1ac5e6e9b_m.jpg',0,0),(317,27,39,'http://farm8.staticflickr.com/7161/6430213513_02b5542890_b.jpg','test','test',1370572630,'http://farm8.staticflickr.com/7161/6430213513_02b5542890_n.jpg',0,0),(318,27,39,'http://farm8.staticflickr.com/7161/6430213513_02b5542890_b.jpg','test','test',1370572630,'http://farm8.staticflickr.com/7161/6430213513_02b5542890_n.jpg',0,0),(319,27,35,'http://farm4.staticflickr.com/3413/3544044637_208058c8b4_o.jpg','test','test',1370572630,'http://farm4.staticflickr.com/3413/3544044637_9a9a491978_m.jpg',0,0),(320,27,35,'http://farm9.staticflickr.com/8450/8014700704_c1ac5e6e9b_z.jpg','test','test',1370572630,'http://farm9.staticflickr.com/8450/8014700704_c1ac5e6e9b_m.jpg',0,0),(321,27,35,'http://farm5.staticflickr.com/4135/4852548105_f47030ce09_o.jpg','test','test',1370572630,'http://farm5.staticflickr.com/4135/4852548105_041d544a61_n.jpg',0,0),(322,27,35,'http://farm4.staticflickr.com/3413/3544044637_208058c8b4_o.jpg','test','test',1370572630,'http://farm4.staticflickr.com/3413/3544044637_9a9a491978_m.jpg',0,0),(323,27,35,'http://farm8.staticflickr.com/7173/6430214673_6a80d19700_b.jpg','test','test',1370572630,'http://farm8.staticflickr.com/7173/6430214673_6a80d19700_m.jpg',0,0),(324,27,35,'http://farm9.staticflickr.com/8450/8014700704_c1ac5e6e9b_z.jpg','test','test',1370572630,'http://farm9.staticflickr.com/8450/8014700704_c1ac5e6e9b_m.jpg',0,0),(325,27,35,'http://farm9.staticflickr.com/8450/8014700704_c1ac5e6e9b_z.jpg','test','test',1370572630,'http://farm9.staticflickr.com/8450/8014700704_c1ac5e6e9b_m.jpg',0,0),(326,28,31,'http://farm4.staticflickr.com/3413/3544044637_208058c8b4_o.jpg','test','test',1370572630,'http://farm4.staticflickr.com/3413/3544044637_9a9a491978_m.jpg',0,0),(327,28,31,'http://farm8.staticflickr.com/7161/6430213513_02b5542890_b.jpg','test','test',1370572630,'http://farm8.staticflickr.com/7161/6430213513_02b5542890_n.jpg',0,0),(328,28,31,'http://farm8.staticflickr.com/7161/6430213513_02b5542890_b.jpg','test','test',1370572630,'http://farm8.staticflickr.com/7161/6430213513_02b5542890_n.jpg',0,0),(329,28,31,'http://farm5.staticflickr.com/4135/4852548105_f47030ce09_o.jpg','test','test',1370572630,'http://farm5.staticflickr.com/4135/4852548105_041d544a61_n.jpg',0,0),(330,28,31,'http://farm8.staticflickr.com/7161/6430213513_02b5542890_b.jpg','test','test',1370572630,'http://farm8.staticflickr.com/7161/6430213513_02b5542890_n.jpg',0,0),(331,28,31,'http://farm9.staticflickr.com/8450/8014700704_c1ac5e6e9b_z.jpg','test','test',1370572630,'http://farm9.staticflickr.com/8450/8014700704_c1ac5e6e9b_m.jpg',0,0),(332,28,31,'http://farm4.staticflickr.com/3413/3544044637_208058c8b4_o.jpg','test','test',1370572630,'http://farm4.staticflickr.com/3413/3544044637_9a9a491978_m.jpg',0,0),(333,28,32,'http://farm5.staticflickr.com/4135/4852548105_f47030ce09_o.jpg','test','test',1370572630,'http://farm5.staticflickr.com/4135/4852548105_041d544a61_n.jpg',0,0),(334,28,32,'http://farm8.staticflickr.com/7173/6430214673_6a80d19700_b.jpg','test','test',1370572630,'http://farm8.staticflickr.com/7173/6430214673_6a80d19700_m.jpg',0,0),(335,28,32,'http://farm4.staticflickr.com/3413/3544044637_208058c8b4_o.jpg','test','test',1370572630,'http://farm4.staticflickr.com/3413/3544044637_9a9a491978_m.jpg',0,0),(336,28,32,'http://farm4.staticflickr.com/3413/3544044637_208058c8b4_o.jpg','test','test',1370572630,'http://farm4.staticflickr.com/3413/3544044637_9a9a491978_m.jpg',0,0),(337,28,32,'http://farm8.staticflickr.com/7173/6430214673_6a80d19700_b.jpg','test','test',1370572630,'http://farm8.staticflickr.com/7173/6430214673_6a80d19700_m.jpg',0,0),(338,28,32,'http://farm9.staticflickr.com/8450/8014700704_c1ac5e6e9b_z.jpg','test','test',1370572630,'http://farm9.staticflickr.com/8450/8014700704_c1ac5e6e9b_m.jpg',0,0),(339,28,32,'http://farm4.staticflickr.com/3413/3544044637_208058c8b4_o.jpg','test','test',1370572630,'http://farm4.staticflickr.com/3413/3544044637_9a9a491978_m.jpg',0,0),(340,29,16,'http://farm4.staticflickr.com/3413/3544044637_208058c8b4_o.jpg','test','test',1370572630,'http://farm4.staticflickr.com/3413/3544044637_9a9a491978_m.jpg',0,0),(341,29,16,'http://farm8.staticflickr.com/7161/6430213513_02b5542890_b.jpg','test','test',1370572630,'http://farm8.staticflickr.com/7161/6430213513_02b5542890_n.jpg',0,0),(342,29,16,'http://farm5.staticflickr.com/4135/4852548105_f47030ce09_o.jpg','test','test',1370572630,'http://farm5.staticflickr.com/4135/4852548105_041d544a61_n.jpg',0,0),(343,29,16,'http://farm9.staticflickr.com/8450/8014700704_c1ac5e6e9b_z.jpg','test','test',1370572630,'http://farm9.staticflickr.com/8450/8014700704_c1ac5e6e9b_m.jpg',0,0),(344,29,16,'http://farm4.staticflickr.com/3413/3544044637_208058c8b4_o.jpg','test','test',1370572630,'http://farm4.staticflickr.com/3413/3544044637_9a9a491978_m.jpg',0,0),(345,29,16,'http://farm8.staticflickr.com/7173/6430214673_6a80d19700_b.jpg','test','test',1370572630,'http://farm8.staticflickr.com/7173/6430214673_6a80d19700_m.jpg',0,0),(346,29,16,'http://farm4.staticflickr.com/3413/3544044637_208058c8b4_o.jpg','test','test',1370572630,'http://farm4.staticflickr.com/3413/3544044637_9a9a491978_m.jpg',0,0),(347,29,33,'http://farm8.staticflickr.com/7173/6430214673_6a80d19700_b.jpg','test','test',1370572630,'http://farm8.staticflickr.com/7173/6430214673_6a80d19700_m.jpg',0,0),(348,29,33,'http://farm8.staticflickr.com/7161/6430213513_02b5542890_b.jpg','test','test',1370572630,'http://farm8.staticflickr.com/7161/6430213513_02b5542890_n.jpg',0,0),(349,29,33,'http://farm5.staticflickr.com/4135/4852548105_f47030ce09_o.jpg','test','test',1370572630,'http://farm5.staticflickr.com/4135/4852548105_041d544a61_n.jpg',0,0),(350,29,33,'http://farm8.staticflickr.com/7161/6430213513_02b5542890_b.jpg','test','test',1370572630,'http://farm8.staticflickr.com/7161/6430213513_02b5542890_n.jpg',0,0),(351,29,33,'http://farm5.staticflickr.com/4135/4852548105_f47030ce09_o.jpg','test','test',1370572630,'http://farm5.staticflickr.com/4135/4852548105_041d544a61_n.jpg',0,0),(352,29,33,'http://farm5.staticflickr.com/4135/4852548105_f47030ce09_o.jpg','test','test',1370572630,'http://farm5.staticflickr.com/4135/4852548105_041d544a61_n.jpg',0,0),(353,29,33,'http://farm8.staticflickr.com/7173/6430214673_6a80d19700_b.jpg','test','test',1370572630,'http://farm8.staticflickr.com/7173/6430214673_6a80d19700_m.jpg',0,0),(354,30,29,'http://farm9.staticflickr.com/8450/8014700704_c1ac5e6e9b_z.jpg','test','test',1370572630,'http://farm9.staticflickr.com/8450/8014700704_c1ac5e6e9b_m.jpg',0,0),(355,30,29,'http://farm4.staticflickr.com/3413/3544044637_208058c8b4_o.jpg','test','test',1370572630,'http://farm4.staticflickr.com/3413/3544044637_9a9a491978_m.jpg',0,0),(356,30,29,'http://farm8.staticflickr.com/7161/6430213513_02b5542890_b.jpg','test','test',1370572630,'http://farm8.staticflickr.com/7161/6430213513_02b5542890_n.jpg',0,0),(357,30,29,'http://farm5.staticflickr.com/4135/4852548105_f47030ce09_o.jpg','test','test',1370572630,'http://farm5.staticflickr.com/4135/4852548105_041d544a61_n.jpg',0,0),(358,30,29,'http://farm9.staticflickr.com/8450/8014700704_c1ac5e6e9b_z.jpg','test','test',1370572630,'http://farm9.staticflickr.com/8450/8014700704_c1ac5e6e9b_m.jpg',0,0),(359,30,29,'http://farm8.staticflickr.com/7173/6430214673_6a80d19700_b.jpg','test','test',1370572630,'http://farm8.staticflickr.com/7173/6430214673_6a80d19700_m.jpg',0,0),(360,30,29,'http://farm8.staticflickr.com/7161/6430213513_02b5542890_b.jpg','test','test',1370572630,'http://farm8.staticflickr.com/7161/6430213513_02b5542890_n.jpg',0,0),(361,30,33,'http://farm5.staticflickr.com/4135/4852548105_f47030ce09_o.jpg','test','test',1370572630,'http://farm5.staticflickr.com/4135/4852548105_041d544a61_n.jpg',0,0),(362,30,33,'http://farm8.staticflickr.com/7161/6430213513_02b5542890_b.jpg','test','test',1370572630,'http://farm8.staticflickr.com/7161/6430213513_02b5542890_n.jpg',0,0),(363,30,33,'http://farm5.staticflickr.com/4135/4852548105_f47030ce09_o.jpg','test','test',1370572630,'http://farm5.staticflickr.com/4135/4852548105_041d544a61_n.jpg',0,0),(364,30,33,'http://farm4.staticflickr.com/3413/3544044637_208058c8b4_o.jpg','test','test',1370572630,'http://farm4.staticflickr.com/3413/3544044637_9a9a491978_m.jpg',0,0),(365,30,33,'http://farm8.staticflickr.com/7161/6430213513_02b5542890_b.jpg','test','test',1370572630,'http://farm8.staticflickr.com/7161/6430213513_02b5542890_n.jpg',0,0),(366,30,33,'http://farm5.staticflickr.com/4135/4852548105_f47030ce09_o.jpg','test','test',1370572630,'http://farm5.staticflickr.com/4135/4852548105_041d544a61_n.jpg',0,0),(367,30,33,'http://farm8.staticflickr.com/7173/6430214673_6a80d19700_b.jpg','test','test',1370572630,'http://farm8.staticflickr.com/7173/6430214673_6a80d19700_m.jpg',0,0),(368,31,17,'http://farm8.staticflickr.com/7173/6430214673_6a80d19700_b.jpg','test','test',1370572630,'http://farm8.staticflickr.com/7173/6430214673_6a80d19700_m.jpg',0,0),(369,31,17,'http://farm9.staticflickr.com/8450/8014700704_c1ac5e6e9b_z.jpg','test','test',1370572630,'http://farm9.staticflickr.com/8450/8014700704_c1ac5e6e9b_m.jpg',0,0),(370,31,17,'http://farm8.staticflickr.com/7161/6430213513_02b5542890_b.jpg','test','test',1370572630,'http://farm8.staticflickr.com/7161/6430213513_02b5542890_n.jpg',0,0),(371,31,17,'http://farm9.staticflickr.com/8450/8014700704_c1ac5e6e9b_z.jpg','test','test',1370572630,'http://farm9.staticflickr.com/8450/8014700704_c1ac5e6e9b_m.jpg',0,0),(372,31,17,'http://farm8.staticflickr.com/7173/6430214673_6a80d19700_b.jpg','test','test',1370572630,'http://farm8.staticflickr.com/7173/6430214673_6a80d19700_m.jpg',0,0),(373,31,17,'http://farm8.staticflickr.com/7173/6430214673_6a80d19700_b.jpg','test','test',1370572630,'http://farm8.staticflickr.com/7173/6430214673_6a80d19700_m.jpg',0,0),(374,31,17,'http://farm4.staticflickr.com/3413/3544044637_208058c8b4_o.jpg','test','test',1370572630,'http://farm4.staticflickr.com/3413/3544044637_9a9a491978_m.jpg',0,0),(375,31,23,'http://farm4.staticflickr.com/3413/3544044637_208058c8b4_o.jpg','test','test',1370572630,'http://farm4.staticflickr.com/3413/3544044637_9a9a491978_m.jpg',0,0),(376,31,23,'http://farm8.staticflickr.com/7161/6430213513_02b5542890_b.jpg','test','test',1370572630,'http://farm8.staticflickr.com/7161/6430213513_02b5542890_n.jpg',0,0),(377,31,23,'http://farm9.staticflickr.com/8450/8014700704_c1ac5e6e9b_z.jpg','test','test',1370572630,'http://farm9.staticflickr.com/8450/8014700704_c1ac5e6e9b_m.jpg',0,0),(378,31,23,'http://farm5.staticflickr.com/4135/4852548105_f47030ce09_o.jpg','test','test',1370572630,'http://farm5.staticflickr.com/4135/4852548105_041d544a61_n.jpg',0,0),(379,31,23,'http://farm8.staticflickr.com/7173/6430214673_6a80d19700_b.jpg','test','test',1370572630,'http://farm8.staticflickr.com/7173/6430214673_6a80d19700_m.jpg',0,0),(380,31,23,'http://farm8.staticflickr.com/7161/6430213513_02b5542890_b.jpg','test','test',1370572630,'http://farm8.staticflickr.com/7161/6430213513_02b5542890_n.jpg',0,0),(381,31,23,'http://farm8.staticflickr.com/7161/6430213513_02b5542890_b.jpg','test','test',1370572630,'http://farm8.staticflickr.com/7161/6430213513_02b5542890_n.jpg',0,0),(382,32,21,'http://farm8.staticflickr.com/7173/6430214673_6a80d19700_b.jpg','test','test',1370572630,'http://farm8.staticflickr.com/7173/6430214673_6a80d19700_m.jpg',0,0),(383,32,21,'http://farm4.staticflickr.com/3413/3544044637_208058c8b4_o.jpg','test','test',1370572630,'http://farm4.staticflickr.com/3413/3544044637_9a9a491978_m.jpg',0,0),(384,32,21,'http://farm8.staticflickr.com/7173/6430214673_6a80d19700_b.jpg','test','test',1370572630,'http://farm8.staticflickr.com/7173/6430214673_6a80d19700_m.jpg',0,0),(385,32,21,'http://farm8.staticflickr.com/7173/6430214673_6a80d19700_b.jpg','test','test',1370572630,'http://farm8.staticflickr.com/7173/6430214673_6a80d19700_m.jpg',0,0),(386,32,21,'http://farm8.staticflickr.com/7173/6430214673_6a80d19700_b.jpg','test','test',1370572630,'http://farm8.staticflickr.com/7173/6430214673_6a80d19700_m.jpg',0,0),(387,32,21,'http://farm4.staticflickr.com/3413/3544044637_208058c8b4_o.jpg','test','test',1370572630,'http://farm4.staticflickr.com/3413/3544044637_9a9a491978_m.jpg',0,0),(388,32,21,'http://farm9.staticflickr.com/8450/8014700704_c1ac5e6e9b_z.jpg','test','test',1370572630,'http://farm9.staticflickr.com/8450/8014700704_c1ac5e6e9b_m.jpg',0,0),(389,32,36,'http://farm8.staticflickr.com/7173/6430214673_6a80d19700_b.jpg','test','test',1370572630,'http://farm8.staticflickr.com/7173/6430214673_6a80d19700_m.jpg',0,0),(390,32,36,'http://farm4.staticflickr.com/3413/3544044637_208058c8b4_o.jpg','test','test',1370572630,'http://farm4.staticflickr.com/3413/3544044637_9a9a491978_m.jpg',0,0),(391,32,36,'http://farm5.staticflickr.com/4135/4852548105_f47030ce09_o.jpg','test','test',1370572630,'http://farm5.staticflickr.com/4135/4852548105_041d544a61_n.jpg',0,0),(392,32,36,'http://farm4.staticflickr.com/3413/3544044637_208058c8b4_o.jpg','test','test',1370572630,'http://farm4.staticflickr.com/3413/3544044637_9a9a491978_m.jpg',0,0),(393,32,36,'http://farm5.staticflickr.com/4135/4852548105_f47030ce09_o.jpg','test','test',1370572630,'http://farm5.staticflickr.com/4135/4852548105_041d544a61_n.jpg',0,0),(394,32,36,'http://farm9.staticflickr.com/8450/8014700704_c1ac5e6e9b_z.jpg','test','test',1370572630,'http://farm9.staticflickr.com/8450/8014700704_c1ac5e6e9b_m.jpg',0,0),(395,32,36,'http://farm8.staticflickr.com/7173/6430214673_6a80d19700_b.jpg','test','test',1370572630,'http://farm8.staticflickr.com/7173/6430214673_6a80d19700_m.jpg',0,0),(396,33,40,'http://farm9.staticflickr.com/8450/8014700704_c1ac5e6e9b_z.jpg','test','test',1370572630,'http://farm9.staticflickr.com/8450/8014700704_c1ac5e6e9b_m.jpg',0,0),(397,33,40,'http://farm5.staticflickr.com/4135/4852548105_f47030ce09_o.jpg','test','test',1370572630,'http://farm5.staticflickr.com/4135/4852548105_041d544a61_n.jpg',0,0),(398,33,40,'http://farm9.staticflickr.com/8450/8014700704_c1ac5e6e9b_z.jpg','test','test',1370572630,'http://farm9.staticflickr.com/8450/8014700704_c1ac5e6e9b_m.jpg',0,0),(399,33,40,'http://farm8.staticflickr.com/7173/6430214673_6a80d19700_b.jpg','test','test',1370572630,'http://farm8.staticflickr.com/7173/6430214673_6a80d19700_m.jpg',0,0),(400,33,40,'http://farm9.staticflickr.com/8450/8014700704_c1ac5e6e9b_z.jpg','test','test',1370572630,'http://farm9.staticflickr.com/8450/8014700704_c1ac5e6e9b_m.jpg',0,0),(401,33,40,'http://farm9.staticflickr.com/8450/8014700704_c1ac5e6e9b_z.jpg','test','test',1370572630,'http://farm9.staticflickr.com/8450/8014700704_c1ac5e6e9b_m.jpg',0,0),(402,33,40,'http://farm4.staticflickr.com/3413/3544044637_208058c8b4_o.jpg','test','test',1370572630,'http://farm4.staticflickr.com/3413/3544044637_9a9a491978_m.jpg',0,0),(403,6,38,'http://farm4.staticflickr.com/3413/3544044637_208058c8b4_o.jpg','test','test',1370572630,'http://farm4.staticflickr.com/3413/3544044637_9a9a491978_m.jpg',0,0),(404,6,38,'http://farm8.staticflickr.com/7161/6430213513_02b5542890_b.jpg','test','test',1370572630,'http://farm8.staticflickr.com/7161/6430213513_02b5542890_n.jpg',0,0),(405,6,38,'http://farm4.staticflickr.com/3413/3544044637_208058c8b4_o.jpg','test','test',1370572630,'http://farm4.staticflickr.com/3413/3544044637_9a9a491978_m.jpg',0,0),(406,6,38,'http://farm8.staticflickr.com/7173/6430214673_6a80d19700_b.jpg','test','test',1370572630,'http://farm8.staticflickr.com/7173/6430214673_6a80d19700_m.jpg',0,0),(407,6,38,'http://farm4.staticflickr.com/3413/3544044637_208058c8b4_o.jpg','test','test',1370572630,'http://farm4.staticflickr.com/3413/3544044637_9a9a491978_m.jpg',0,0),(408,6,38,'http://farm8.staticflickr.com/7173/6430214673_6a80d19700_b.jpg','test','test',1370572630,'http://farm8.staticflickr.com/7173/6430214673_6a80d19700_m.jpg',0,0),(409,6,38,'http://farm9.staticflickr.com/8450/8014700704_c1ac5e6e9b_z.jpg','test','test',1370572630,'http://farm9.staticflickr.com/8450/8014700704_c1ac5e6e9b_m.jpg',0,0),(410,6,40,'http://farm9.staticflickr.com/8450/8014700704_c1ac5e6e9b_z.jpg','test','test',1370572630,'http://farm9.staticflickr.com/8450/8014700704_c1ac5e6e9b_m.jpg',0,0),(411,6,40,'http://farm4.staticflickr.com/3413/3544044637_208058c8b4_o.jpg','test','test',1370572630,'http://farm4.staticflickr.com/3413/3544044637_9a9a491978_m.jpg',0,0),(412,6,40,'http://farm9.staticflickr.com/8450/8014700704_c1ac5e6e9b_z.jpg','test','test',1370572630,'http://farm9.staticflickr.com/8450/8014700704_c1ac5e6e9b_m.jpg',0,0),(413,6,40,'http://farm8.staticflickr.com/7161/6430213513_02b5542890_b.jpg','test','test',1370572630,'http://farm8.staticflickr.com/7161/6430213513_02b5542890_n.jpg',0,0),(414,6,40,'http://farm8.staticflickr.com/7173/6430214673_6a80d19700_b.jpg','test','test',1370572630,'http://farm8.staticflickr.com/7173/6430214673_6a80d19700_m.jpg',0,0),(415,6,40,'http://farm8.staticflickr.com/7173/6430214673_6a80d19700_b.jpg','test','test',1370572630,'http://farm8.staticflickr.com/7173/6430214673_6a80d19700_m.jpg',0,0),(416,6,40,'http://farm9.staticflickr.com/8450/8014700704_c1ac5e6e9b_z.jpg','test','test',1370572630,'http://farm9.staticflickr.com/8450/8014700704_c1ac5e6e9b_m.jpg',0,0),(417,7,38,'http://farm5.staticflickr.com/4135/4852548105_f47030ce09_o.jpg','test','test',1370572630,'http://farm5.staticflickr.com/4135/4852548105_041d544a61_n.jpg',0,0),(418,7,38,'http://farm8.staticflickr.com/7161/6430213513_02b5542890_b.jpg','test','test',1370572630,'http://farm8.staticflickr.com/7161/6430213513_02b5542890_n.jpg',0,0),(419,7,38,'http://farm9.staticflickr.com/8450/8014700704_c1ac5e6e9b_z.jpg','test','test',1370572630,'http://farm9.staticflickr.com/8450/8014700704_c1ac5e6e9b_m.jpg',0,0),(420,7,38,'http://farm9.staticflickr.com/8450/8014700704_c1ac5e6e9b_z.jpg','test','test',1370572630,'http://farm9.staticflickr.com/8450/8014700704_c1ac5e6e9b_m.jpg',0,0),(421,7,38,'http://farm8.staticflickr.com/7161/6430213513_02b5542890_b.jpg','test','test',1370572630,'http://farm8.staticflickr.com/7161/6430213513_02b5542890_n.jpg',0,0),(422,7,38,'http://farm9.staticflickr.com/8450/8014700704_c1ac5e6e9b_z.jpg','test','test',1370572630,'http://farm9.staticflickr.com/8450/8014700704_c1ac5e6e9b_m.jpg',0,0),(423,7,38,'http://farm8.staticflickr.com/7173/6430214673_6a80d19700_b.jpg','test','test',1370572630,'http://farm8.staticflickr.com/7173/6430214673_6a80d19700_m.jpg',0,0),(424,7,35,'http://farm5.staticflickr.com/4135/4852548105_f47030ce09_o.jpg','test','test',1370572630,'http://farm5.staticflickr.com/4135/4852548105_041d544a61_n.jpg',0,0),(425,7,35,'http://farm8.staticflickr.com/7173/6430214673_6a80d19700_b.jpg','test','test',1370572630,'http://farm8.staticflickr.com/7173/6430214673_6a80d19700_m.jpg',0,0),(426,7,35,'http://farm8.staticflickr.com/7161/6430213513_02b5542890_b.jpg','test','test',1370572630,'http://farm8.staticflickr.com/7161/6430213513_02b5542890_n.jpg',0,0),(427,7,35,'http://farm5.staticflickr.com/4135/4852548105_f47030ce09_o.jpg','test','test',1370572630,'http://farm5.staticflickr.com/4135/4852548105_041d544a61_n.jpg',0,0),(428,7,35,'http://farm4.staticflickr.com/3413/3544044637_208058c8b4_o.jpg','test','test',1370572630,'http://farm4.staticflickr.com/3413/3544044637_9a9a491978_m.jpg',0,0),(429,7,35,'http://farm8.staticflickr.com/7161/6430213513_02b5542890_b.jpg','test','test',1370572630,'http://farm8.staticflickr.com/7161/6430213513_02b5542890_n.jpg',0,0),(430,7,35,'http://farm8.staticflickr.com/7173/6430214673_6a80d19700_b.jpg','test','test',1370572630,'http://farm8.staticflickr.com/7173/6430214673_6a80d19700_m.jpg',0,0),(431,8,39,'http://farm4.staticflickr.com/3413/3544044637_208058c8b4_o.jpg','test','test',1370572630,'http://farm4.staticflickr.com/3413/3544044637_9a9a491978_m.jpg',0,0),(432,8,39,'http://farm9.staticflickr.com/8450/8014700704_c1ac5e6e9b_z.jpg','test','test',1370572630,'http://farm9.staticflickr.com/8450/8014700704_c1ac5e6e9b_m.jpg',0,0),(433,8,39,'http://farm9.staticflickr.com/8450/8014700704_c1ac5e6e9b_z.jpg','test','test',1370572630,'http://farm9.staticflickr.com/8450/8014700704_c1ac5e6e9b_m.jpg',0,0),(434,8,39,'http://farm4.staticflickr.com/3413/3544044637_208058c8b4_o.jpg','test','test',1370572630,'http://farm4.staticflickr.com/3413/3544044637_9a9a491978_m.jpg',0,0),(435,8,39,'http://farm8.staticflickr.com/7161/6430213513_02b5542890_b.jpg','test','test',1370572630,'http://farm8.staticflickr.com/7161/6430213513_02b5542890_n.jpg',0,0),(436,8,39,'http://farm9.staticflickr.com/8450/8014700704_c1ac5e6e9b_z.jpg','test','test',1370572630,'http://farm9.staticflickr.com/8450/8014700704_c1ac5e6e9b_m.jpg',0,0),(437,8,39,'http://farm5.staticflickr.com/4135/4852548105_f47030ce09_o.jpg','test','test',1370572630,'http://farm5.staticflickr.com/4135/4852548105_041d544a61_n.jpg',0,0),(438,8,37,'http://farm4.staticflickr.com/3413/3544044637_208058c8b4_o.jpg','test','test',1370572630,'http://farm4.staticflickr.com/3413/3544044637_9a9a491978_m.jpg',0,0),(439,8,37,'http://farm4.staticflickr.com/3413/3544044637_208058c8b4_o.jpg','test','test',1370572630,'http://farm4.staticflickr.com/3413/3544044637_9a9a491978_m.jpg',0,0),(440,8,37,'http://farm4.staticflickr.com/3413/3544044637_208058c8b4_o.jpg','test','test',1370572630,'http://farm4.staticflickr.com/3413/3544044637_9a9a491978_m.jpg',0,0),(441,8,37,'http://farm8.staticflickr.com/7173/6430214673_6a80d19700_b.jpg','test','test',1370572630,'http://farm8.staticflickr.com/7173/6430214673_6a80d19700_m.jpg',0,0),(442,8,37,'http://farm8.staticflickr.com/7173/6430214673_6a80d19700_b.jpg','test','test',1370572630,'http://farm8.staticflickr.com/7173/6430214673_6a80d19700_m.jpg',0,0),(443,8,37,'http://farm9.staticflickr.com/8450/8014700704_c1ac5e6e9b_z.jpg','test','test',1370572630,'http://farm9.staticflickr.com/8450/8014700704_c1ac5e6e9b_m.jpg',0,0),(444,8,37,'http://farm4.staticflickr.com/3413/3544044637_208058c8b4_o.jpg','test','test',1370572630,'http://farm4.staticflickr.com/3413/3544044637_9a9a491978_m.jpg',0,0),(445,9,34,'http://farm8.staticflickr.com/7161/6430213513_02b5542890_b.jpg','test','test',1370572630,'http://farm8.staticflickr.com/7161/6430213513_02b5542890_n.jpg',0,0),(446,9,34,'http://farm4.staticflickr.com/3413/3544044637_208058c8b4_o.jpg','test','test',1370572630,'http://farm4.staticflickr.com/3413/3544044637_9a9a491978_m.jpg',0,0),(447,9,34,'http://farm9.staticflickr.com/8450/8014700704_c1ac5e6e9b_z.jpg','test','test',1370572630,'http://farm9.staticflickr.com/8450/8014700704_c1ac5e6e9b_m.jpg',0,0),(448,9,34,'http://farm9.staticflickr.com/8450/8014700704_c1ac5e6e9b_z.jpg','test','test',1370572630,'http://farm9.staticflickr.com/8450/8014700704_c1ac5e6e9b_m.jpg',0,0),(449,9,34,'http://farm9.staticflickr.com/8450/8014700704_c1ac5e6e9b_z.jpg','test','test',1370572630,'http://farm9.staticflickr.com/8450/8014700704_c1ac5e6e9b_m.jpg',0,0),(450,9,34,'http://farm8.staticflickr.com/7173/6430214673_6a80d19700_b.jpg','test','test',1370572630,'http://farm8.staticflickr.com/7173/6430214673_6a80d19700_m.jpg',0,0),(451,9,34,'http://farm8.staticflickr.com/7173/6430214673_6a80d19700_b.jpg','test','test',1370572630,'http://farm8.staticflickr.com/7173/6430214673_6a80d19700_m.jpg',0,0),(452,9,40,'http://farm5.staticflickr.com/4135/4852548105_f47030ce09_o.jpg','test','test',1370572630,'http://farm5.staticflickr.com/4135/4852548105_041d544a61_n.jpg',0,0),(453,9,40,'http://farm4.staticflickr.com/3413/3544044637_208058c8b4_o.jpg','test','test',1370572630,'http://farm4.staticflickr.com/3413/3544044637_9a9a491978_m.jpg',0,0),(454,9,40,'http://farm8.staticflickr.com/7161/6430213513_02b5542890_b.jpg','test','test',1370572630,'http://farm8.staticflickr.com/7161/6430213513_02b5542890_n.jpg',0,0),(455,9,40,'http://farm8.staticflickr.com/7161/6430213513_02b5542890_b.jpg','test','test',1370572630,'http://farm8.staticflickr.com/7161/6430213513_02b5542890_n.jpg',0,0),(456,9,40,'http://farm8.staticflickr.com/7173/6430214673_6a80d19700_b.jpg','test','test',1370572630,'http://farm8.staticflickr.com/7173/6430214673_6a80d19700_m.jpg',0,0),(457,9,40,'http://farm4.staticflickr.com/3413/3544044637_208058c8b4_o.jpg','test','test',1370572630,'http://farm4.staticflickr.com/3413/3544044637_9a9a491978_m.jpg',0,0),(458,9,40,'http://farm9.staticflickr.com/8450/8014700704_c1ac5e6e9b_z.jpg','test','test',1370572630,'http://farm9.staticflickr.com/8450/8014700704_c1ac5e6e9b_m.jpg',0,0),(459,10,35,'http://farm9.staticflickr.com/8450/8014700704_c1ac5e6e9b_z.jpg','test','test',1370572630,'http://farm9.staticflickr.com/8450/8014700704_c1ac5e6e9b_m.jpg',0,0),(460,10,35,'http://farm8.staticflickr.com/7173/6430214673_6a80d19700_b.jpg','test','test',1370572630,'http://farm8.staticflickr.com/7173/6430214673_6a80d19700_m.jpg',0,0),(461,10,35,'http://farm4.staticflickr.com/3413/3544044637_208058c8b4_o.jpg','test','test',1370572630,'http://farm4.staticflickr.com/3413/3544044637_9a9a491978_m.jpg',0,0),(462,10,35,'http://farm8.staticflickr.com/7161/6430213513_02b5542890_b.jpg','test','test',1370572630,'http://farm8.staticflickr.com/7161/6430213513_02b5542890_n.jpg',0,0),(463,10,35,'http://farm8.staticflickr.com/7173/6430214673_6a80d19700_b.jpg','test','test',1370572630,'http://farm8.staticflickr.com/7173/6430214673_6a80d19700_m.jpg',0,0),(464,10,35,'http://farm5.staticflickr.com/4135/4852548105_f47030ce09_o.jpg','test','test',1370572630,'http://farm5.staticflickr.com/4135/4852548105_041d544a61_n.jpg',0,0),(465,10,35,'http://farm4.staticflickr.com/3413/3544044637_208058c8b4_o.jpg','test','test',1370572630,'http://farm4.staticflickr.com/3413/3544044637_9a9a491978_m.jpg',0,0),(466,10,36,'http://farm5.staticflickr.com/4135/4852548105_f47030ce09_o.jpg','test','test',1370572630,'http://farm5.staticflickr.com/4135/4852548105_041d544a61_n.jpg',0,0),(467,10,36,'http://farm4.staticflickr.com/3413/3544044637_208058c8b4_o.jpg','test','test',1370572630,'http://farm4.staticflickr.com/3413/3544044637_9a9a491978_m.jpg',0,0),(468,10,36,'http://farm5.staticflickr.com/4135/4852548105_f47030ce09_o.jpg','test','test',1370572630,'http://farm5.staticflickr.com/4135/4852548105_041d544a61_n.jpg',0,0),(469,10,36,'http://farm4.staticflickr.com/3413/3544044637_208058c8b4_o.jpg','test','test',1370572630,'http://farm4.staticflickr.com/3413/3544044637_9a9a491978_m.jpg',0,0),(470,10,36,'http://farm4.staticflickr.com/3413/3544044637_208058c8b4_o.jpg','test','test',1370572630,'http://farm4.staticflickr.com/3413/3544044637_9a9a491978_m.jpg',0,0),(471,10,36,'http://farm8.staticflickr.com/7161/6430213513_02b5542890_b.jpg','test','test',1370572630,'http://farm8.staticflickr.com/7161/6430213513_02b5542890_n.jpg',0,0),(472,10,36,'http://farm4.staticflickr.com/3413/3544044637_208058c8b4_o.jpg','test','test',1370572630,'http://farm4.staticflickr.com/3413/3544044637_9a9a491978_m.jpg',0,0),(473,11,37,'http://farm8.staticflickr.com/7161/6430213513_02b5542890_b.jpg','test','test',1370572630,'http://farm8.staticflickr.com/7161/6430213513_02b5542890_n.jpg',0,0),(474,11,37,'http://farm4.staticflickr.com/3413/3544044637_208058c8b4_o.jpg','test','test',1370572630,'http://farm4.staticflickr.com/3413/3544044637_9a9a491978_m.jpg',0,0),(475,11,37,'http://farm5.staticflickr.com/4135/4852548105_f47030ce09_o.jpg','test','test',1370572630,'http://farm5.staticflickr.com/4135/4852548105_041d544a61_n.jpg',0,0),(476,11,37,'http://farm5.staticflickr.com/4135/4852548105_f47030ce09_o.jpg','test','test',1370572630,'http://farm5.staticflickr.com/4135/4852548105_041d544a61_n.jpg',0,0),(477,11,37,'http://farm8.staticflickr.com/7173/6430214673_6a80d19700_b.jpg','test','test',1370572630,'http://farm8.staticflickr.com/7173/6430214673_6a80d19700_m.jpg',0,0),(478,11,37,'http://farm4.staticflickr.com/3413/3544044637_208058c8b4_o.jpg','test','test',1370572630,'http://farm4.staticflickr.com/3413/3544044637_9a9a491978_m.jpg',0,0),(479,11,37,'http://farm5.staticflickr.com/4135/4852548105_f47030ce09_o.jpg','test','test',1370572630,'http://farm5.staticflickr.com/4135/4852548105_041d544a61_n.jpg',0,0),(480,11,40,'http://farm4.staticflickr.com/3413/3544044637_208058c8b4_o.jpg','test','test',1370572630,'http://farm4.staticflickr.com/3413/3544044637_9a9a491978_m.jpg',0,0),(481,11,40,'http://farm8.staticflickr.com/7173/6430214673_6a80d19700_b.jpg','test','test',1370572630,'http://farm8.staticflickr.com/7173/6430214673_6a80d19700_m.jpg',0,0),(482,11,40,'http://farm8.staticflickr.com/7161/6430213513_02b5542890_b.jpg','test','test',1370572630,'http://farm8.staticflickr.com/7161/6430213513_02b5542890_n.jpg',0,0),(483,11,40,'http://farm9.staticflickr.com/8450/8014700704_c1ac5e6e9b_z.jpg','test','test',1370572630,'http://farm9.staticflickr.com/8450/8014700704_c1ac5e6e9b_m.jpg',0,0),(484,11,40,'http://farm9.staticflickr.com/8450/8014700704_c1ac5e6e9b_z.jpg','test','test',1370572630,'http://farm9.staticflickr.com/8450/8014700704_c1ac5e6e9b_m.jpg',0,0),(485,11,40,'http://farm5.staticflickr.com/4135/4852548105_f47030ce09_o.jpg','test','test',1370572630,'http://farm5.staticflickr.com/4135/4852548105_041d544a61_n.jpg',0,0),(486,11,40,'http://farm8.staticflickr.com/7173/6430214673_6a80d19700_b.jpg','test','test',1370572630,'http://farm8.staticflickr.com/7173/6430214673_6a80d19700_m.jpg',0,0),(487,12,34,'http://farm4.staticflickr.com/3413/3544044637_208058c8b4_o.jpg','test','test',1370572630,'http://farm4.staticflickr.com/3413/3544044637_9a9a491978_m.jpg',0,0),(488,12,34,'http://farm8.staticflickr.com/7173/6430214673_6a80d19700_b.jpg','test','test',1370572630,'http://farm8.staticflickr.com/7173/6430214673_6a80d19700_m.jpg',0,0),(489,12,34,'http://farm8.staticflickr.com/7161/6430213513_02b5542890_b.jpg','test','test',1370572630,'http://farm8.staticflickr.com/7161/6430213513_02b5542890_n.jpg',0,0),(490,12,34,'http://farm9.staticflickr.com/8450/8014700704_c1ac5e6e9b_z.jpg','test','test',1370572630,'http://farm9.staticflickr.com/8450/8014700704_c1ac5e6e9b_m.jpg',0,0),(491,12,34,'http://farm4.staticflickr.com/3413/3544044637_208058c8b4_o.jpg','test','test',1370572630,'http://farm4.staticflickr.com/3413/3544044637_9a9a491978_m.jpg',0,0),(492,12,34,'http://farm8.staticflickr.com/7161/6430213513_02b5542890_b.jpg','test','test',1370572630,'http://farm8.staticflickr.com/7161/6430213513_02b5542890_n.jpg',0,0),(493,12,34,'http://farm8.staticflickr.com/7161/6430213513_02b5542890_b.jpg','test','test',1370572630,'http://farm8.staticflickr.com/7161/6430213513_02b5542890_n.jpg',0,0),(494,12,37,'http://farm8.staticflickr.com/7173/6430214673_6a80d19700_b.jpg','test','test',1370572630,'http://farm8.staticflickr.com/7173/6430214673_6a80d19700_m.jpg',0,0),(495,12,37,'http://farm9.staticflickr.com/8450/8014700704_c1ac5e6e9b_z.jpg','test','test',1370572630,'http://farm9.staticflickr.com/8450/8014700704_c1ac5e6e9b_m.jpg',0,0),(496,12,37,'http://farm8.staticflickr.com/7173/6430214673_6a80d19700_b.jpg','test','test',1370572630,'http://farm8.staticflickr.com/7173/6430214673_6a80d19700_m.jpg',0,0),(497,12,37,'http://farm9.staticflickr.com/8450/8014700704_c1ac5e6e9b_z.jpg','test','test',1370572630,'http://farm9.staticflickr.com/8450/8014700704_c1ac5e6e9b_m.jpg',0,0),(498,12,37,'http://farm5.staticflickr.com/4135/4852548105_f47030ce09_o.jpg','test','test',1370572630,'http://farm5.staticflickr.com/4135/4852548105_041d544a61_n.jpg',0,0),(499,12,37,'http://farm8.staticflickr.com/7173/6430214673_6a80d19700_b.jpg','test','test',1370572630,'http://farm8.staticflickr.com/7173/6430214673_6a80d19700_m.jpg',0,0),(500,12,37,'http://farm5.staticflickr.com/4135/4852548105_f47030ce09_o.jpg','test','test',1370572630,'http://farm5.staticflickr.com/4135/4852548105_041d544a61_n.jpg',0,0),(501,13,35,'http://farm9.staticflickr.com/8450/8014700704_c1ac5e6e9b_z.jpg','test','test',1370572630,'http://farm9.staticflickr.com/8450/8014700704_c1ac5e6e9b_m.jpg',0,0),(502,13,35,'http://farm8.staticflickr.com/7173/6430214673_6a80d19700_b.jpg','test','test',1370572630,'http://farm8.staticflickr.com/7173/6430214673_6a80d19700_m.jpg',0,0),(503,13,35,'http://farm4.staticflickr.com/3413/3544044637_208058c8b4_o.jpg','test','test',1370572630,'http://farm4.staticflickr.com/3413/3544044637_9a9a491978_m.jpg',0,0),(504,13,35,'http://farm8.staticflickr.com/7161/6430213513_02b5542890_b.jpg','test','test',1370572630,'http://farm8.staticflickr.com/7161/6430213513_02b5542890_n.jpg',0,0),(505,13,35,'http://farm8.staticflickr.com/7173/6430214673_6a80d19700_b.jpg','test','test',1370572630,'http://farm8.staticflickr.com/7173/6430214673_6a80d19700_m.jpg',0,0),(506,13,35,'http://farm5.staticflickr.com/4135/4852548105_f47030ce09_o.jpg','test','test',1370572630,'http://farm5.staticflickr.com/4135/4852548105_041d544a61_n.jpg',0,0),(507,13,35,'http://farm8.staticflickr.com/7161/6430213513_02b5542890_b.jpg','test','test',1370572630,'http://farm8.staticflickr.com/7161/6430213513_02b5542890_n.jpg',0,0),(508,13,34,'http://farm4.staticflickr.com/3413/3544044637_208058c8b4_o.jpg','test','test',1370572630,'http://farm4.staticflickr.com/3413/3544044637_9a9a491978_m.jpg',0,0),(509,13,34,'http://farm4.staticflickr.com/3413/3544044637_208058c8b4_o.jpg','test','test',1370572630,'http://farm4.staticflickr.com/3413/3544044637_9a9a491978_m.jpg',0,0),(510,13,34,'http://farm9.staticflickr.com/8450/8014700704_c1ac5e6e9b_z.jpg','test','test',1370572630,'http://farm9.staticflickr.com/8450/8014700704_c1ac5e6e9b_m.jpg',0,0),(511,13,34,'http://farm4.staticflickr.com/3413/3544044637_208058c8b4_o.jpg','test','test',1370572630,'http://farm4.staticflickr.com/3413/3544044637_9a9a491978_m.jpg',0,0),(512,13,34,'http://farm8.staticflickr.com/7161/6430213513_02b5542890_b.jpg','test','test',1370572630,'http://farm8.staticflickr.com/7161/6430213513_02b5542890_n.jpg',0,0),(513,13,34,'http://farm8.staticflickr.com/7173/6430214673_6a80d19700_b.jpg','test','test',1370572630,'http://farm8.staticflickr.com/7173/6430214673_6a80d19700_m.jpg',0,0),(514,13,34,'http://farm9.staticflickr.com/8450/8014700704_c1ac5e6e9b_z.jpg','test','test',1370572630,'http://farm9.staticflickr.com/8450/8014700704_c1ac5e6e9b_m.jpg',0,0),(515,14,36,'http://farm5.staticflickr.com/4135/4852548105_f47030ce09_o.jpg','test','test',1370572630,'http://farm5.staticflickr.com/4135/4852548105_041d544a61_n.jpg',0,0),(516,14,36,'http://farm8.staticflickr.com/7161/6430213513_02b5542890_b.jpg','test','test',1370572630,'http://farm8.staticflickr.com/7161/6430213513_02b5542890_n.jpg',0,0),(517,14,36,'http://farm8.staticflickr.com/7161/6430213513_02b5542890_b.jpg','test','test',1370572630,'http://farm8.staticflickr.com/7161/6430213513_02b5542890_n.jpg',0,0),(518,14,36,'http://farm8.staticflickr.com/7161/6430213513_02b5542890_b.jpg','test','test',1370572630,'http://farm8.staticflickr.com/7161/6430213513_02b5542890_n.jpg',0,0),(519,14,36,'http://farm9.staticflickr.com/8450/8014700704_c1ac5e6e9b_z.jpg','test','test',1370572630,'http://farm9.staticflickr.com/8450/8014700704_c1ac5e6e9b_m.jpg',0,0),(520,14,36,'http://farm4.staticflickr.com/3413/3544044637_208058c8b4_o.jpg','test','test',1370572630,'http://farm4.staticflickr.com/3413/3544044637_9a9a491978_m.jpg',0,0),(521,14,36,'http://farm9.staticflickr.com/8450/8014700704_c1ac5e6e9b_z.jpg','test','test',1370572630,'http://farm9.staticflickr.com/8450/8014700704_c1ac5e6e9b_m.jpg',0,0),(522,34,29,'http://farm9.staticflickr.com/8450/8014700704_c1ac5e6e9b_z.jpg','test','test',1370572630,'http://farm9.staticflickr.com/8450/8014700704_c1ac5e6e9b_m.jpg',0,0),(523,34,29,'http://farm5.staticflickr.com/4135/4852548105_f47030ce09_o.jpg','test','test',1370572630,'http://farm5.staticflickr.com/4135/4852548105_041d544a61_n.jpg',0,0),(524,34,29,'http://farm9.staticflickr.com/8450/8014700704_c1ac5e6e9b_z.jpg','test','test',1370572630,'http://farm9.staticflickr.com/8450/8014700704_c1ac5e6e9b_m.jpg',0,0),(525,34,29,'http://farm8.staticflickr.com/7161/6430213513_02b5542890_b.jpg','test','test',1370572630,'http://farm8.staticflickr.com/7161/6430213513_02b5542890_n.jpg',0,0),(526,34,29,'http://farm9.staticflickr.com/8450/8014700704_c1ac5e6e9b_z.jpg','test','test',1370572630,'http://farm9.staticflickr.com/8450/8014700704_c1ac5e6e9b_m.jpg',0,0),(527,34,29,'http://farm8.staticflickr.com/7161/6430213513_02b5542890_b.jpg','test','test',1370572630,'http://farm8.staticflickr.com/7161/6430213513_02b5542890_n.jpg',0,0),(528,34,29,'http://farm5.staticflickr.com/4135/4852548105_f47030ce09_o.jpg','test','test',1370572630,'http://farm5.staticflickr.com/4135/4852548105_041d544a61_n.jpg',0,0),(529,34,2,'http://farm4.staticflickr.com/3413/3544044637_208058c8b4_o.jpg','test','test',1370572630,'http://farm4.staticflickr.com/3413/3544044637_9a9a491978_m.jpg',0,0),(530,34,2,'http://farm9.staticflickr.com/8450/8014700704_c1ac5e6e9b_z.jpg','test','test',1370572630,'http://farm9.staticflickr.com/8450/8014700704_c1ac5e6e9b_m.jpg',0,0),(531,34,2,'http://farm8.staticflickr.com/7173/6430214673_6a80d19700_b.jpg','test','test',1370572630,'http://farm8.staticflickr.com/7173/6430214673_6a80d19700_m.jpg',0,0),(532,34,2,'http://farm5.staticflickr.com/4135/4852548105_f47030ce09_o.jpg','test','test',1370572630,'http://farm5.staticflickr.com/4135/4852548105_041d544a61_n.jpg',0,0),(533,34,2,'http://farm8.staticflickr.com/7173/6430214673_6a80d19700_b.jpg','test','test',1370572630,'http://farm8.staticflickr.com/7173/6430214673_6a80d19700_m.jpg',0,0),(534,34,2,'http://farm9.staticflickr.com/8450/8014700704_c1ac5e6e9b_z.jpg','test','test',1370572630,'http://farm9.staticflickr.com/8450/8014700704_c1ac5e6e9b_m.jpg',0,0),(535,34,2,'http://farm4.staticflickr.com/3413/3544044637_208058c8b4_o.jpg','test','test',1370572630,'http://farm4.staticflickr.com/3413/3544044637_9a9a491978_m.jpg',0,0),(536,35,15,'http://farm4.staticflickr.com/3413/3544044637_208058c8b4_o.jpg','test','test',1370572630,'http://farm4.staticflickr.com/3413/3544044637_9a9a491978_m.jpg',0,0),(537,35,15,'http://farm4.staticflickr.com/3413/3544044637_208058c8b4_o.jpg','test','test',1370572630,'http://farm4.staticflickr.com/3413/3544044637_9a9a491978_m.jpg',0,0),(538,35,15,'http://farm9.staticflickr.com/8450/8014700704_c1ac5e6e9b_z.jpg','test','test',1370572630,'http://farm9.staticflickr.com/8450/8014700704_c1ac5e6e9b_m.jpg',0,0),(539,35,15,'http://farm9.staticflickr.com/8450/8014700704_c1ac5e6e9b_z.jpg','test','test',1370572630,'http://farm9.staticflickr.com/8450/8014700704_c1ac5e6e9b_m.jpg',0,0),(540,35,15,'http://farm9.staticflickr.com/8450/8014700704_c1ac5e6e9b_z.jpg','test','test',1370572630,'http://farm9.staticflickr.com/8450/8014700704_c1ac5e6e9b_m.jpg',0,0),(541,35,15,'http://farm9.staticflickr.com/8450/8014700704_c1ac5e6e9b_z.jpg','test','test',1370572630,'http://farm9.staticflickr.com/8450/8014700704_c1ac5e6e9b_m.jpg',0,0),(542,35,15,'http://farm9.staticflickr.com/8450/8014700704_c1ac5e6e9b_z.jpg','test','test',1370572630,'http://farm9.staticflickr.com/8450/8014700704_c1ac5e6e9b_m.jpg',0,0),(543,35,32,'http://farm8.staticflickr.com/7173/6430214673_6a80d19700_b.jpg','test','test',1370572630,'http://farm8.staticflickr.com/7173/6430214673_6a80d19700_m.jpg',0,0),(544,35,32,'http://farm8.staticflickr.com/7161/6430213513_02b5542890_b.jpg','test','test',1370572630,'http://farm8.staticflickr.com/7161/6430213513_02b5542890_n.jpg',0,0),(545,35,32,'http://farm4.staticflickr.com/3413/3544044637_208058c8b4_o.jpg','test','test',1370572630,'http://farm4.staticflickr.com/3413/3544044637_9a9a491978_m.jpg',0,0),(546,35,32,'http://farm8.staticflickr.com/7173/6430214673_6a80d19700_b.jpg','test','test',1370572630,'http://farm8.staticflickr.com/7173/6430214673_6a80d19700_m.jpg',0,0),(547,35,32,'http://farm8.staticflickr.com/7173/6430214673_6a80d19700_b.jpg','test','test',1370572630,'http://farm8.staticflickr.com/7173/6430214673_6a80d19700_m.jpg',0,0),(548,35,32,'http://farm4.staticflickr.com/3413/3544044637_208058c8b4_o.jpg','test','test',1370572630,'http://farm4.staticflickr.com/3413/3544044637_9a9a491978_m.jpg',0,0),(549,35,32,'http://farm9.staticflickr.com/8450/8014700704_c1ac5e6e9b_z.jpg','test','test',1370572630,'http://farm9.staticflickr.com/8450/8014700704_c1ac5e6e9b_m.jpg',0,0),(550,36,17,'http://farm8.staticflickr.com/7161/6430213513_02b5542890_b.jpg','test','test',1370572630,'http://farm8.staticflickr.com/7161/6430213513_02b5542890_n.jpg',0,0),(551,36,17,'http://farm9.staticflickr.com/8450/8014700704_c1ac5e6e9b_z.jpg','test','test',1370572630,'http://farm9.staticflickr.com/8450/8014700704_c1ac5e6e9b_m.jpg',0,0),(552,36,17,'http://farm4.staticflickr.com/3413/3544044637_208058c8b4_o.jpg','test','test',1370572630,'http://farm4.staticflickr.com/3413/3544044637_9a9a491978_m.jpg',0,0),(553,36,17,'http://farm5.staticflickr.com/4135/4852548105_f47030ce09_o.jpg','test','test',1370572630,'http://farm5.staticflickr.com/4135/4852548105_041d544a61_n.jpg',0,0),(554,36,17,'http://farm5.staticflickr.com/4135/4852548105_f47030ce09_o.jpg','test','test',1370572630,'http://farm5.staticflickr.com/4135/4852548105_041d544a61_n.jpg',0,0),(555,36,17,'http://farm5.staticflickr.com/4135/4852548105_f47030ce09_o.jpg','test','test',1370572630,'http://farm5.staticflickr.com/4135/4852548105_041d544a61_n.jpg',0,0),(556,36,17,'http://farm5.staticflickr.com/4135/4852548105_f47030ce09_o.jpg','test','test',1370572630,'http://farm5.staticflickr.com/4135/4852548105_041d544a61_n.jpg',0,0),(557,36,24,'http://farm4.staticflickr.com/3413/3544044637_208058c8b4_o.jpg','test','test',1370572630,'http://farm4.staticflickr.com/3413/3544044637_9a9a491978_m.jpg',0,0),(558,36,24,'http://farm4.staticflickr.com/3413/3544044637_208058c8b4_o.jpg','test','test',1370572630,'http://farm4.staticflickr.com/3413/3544044637_9a9a491978_m.jpg',0,0),(559,36,24,'http://farm8.staticflickr.com/7173/6430214673_6a80d19700_b.jpg','test','test',1370572630,'http://farm8.staticflickr.com/7173/6430214673_6a80d19700_m.jpg',0,0),(560,36,24,'http://farm8.staticflickr.com/7173/6430214673_6a80d19700_b.jpg','test','test',1370572630,'http://farm8.staticflickr.com/7173/6430214673_6a80d19700_m.jpg',0,0),(561,36,24,'http://farm9.staticflickr.com/8450/8014700704_c1ac5e6e9b_z.jpg','test','test',1370572630,'http://farm9.staticflickr.com/8450/8014700704_c1ac5e6e9b_m.jpg',0,0),(562,36,24,'http://farm8.staticflickr.com/7173/6430214673_6a80d19700_b.jpg','test','test',1370572630,'http://farm8.staticflickr.com/7173/6430214673_6a80d19700_m.jpg',0,0),(563,36,24,'http://farm8.staticflickr.com/7161/6430213513_02b5542890_b.jpg','test','test',1370572630,'http://farm8.staticflickr.com/7161/6430213513_02b5542890_n.jpg',0,0),(564,37,6,'http://farm9.staticflickr.com/8450/8014700704_c1ac5e6e9b_z.jpg','test','test',1370572630,'http://farm9.staticflickr.com/8450/8014700704_c1ac5e6e9b_m.jpg',0,0),(565,37,6,'http://farm5.staticflickr.com/4135/4852548105_f47030ce09_o.jpg','test','test',1370572630,'http://farm5.staticflickr.com/4135/4852548105_041d544a61_n.jpg',0,0),(566,37,6,'http://farm9.staticflickr.com/8450/8014700704_c1ac5e6e9b_z.jpg','test','test',1370572630,'http://farm9.staticflickr.com/8450/8014700704_c1ac5e6e9b_m.jpg',0,0),(567,37,6,'http://farm9.staticflickr.com/8450/8014700704_c1ac5e6e9b_z.jpg','test','test',1370572630,'http://farm9.staticflickr.com/8450/8014700704_c1ac5e6e9b_m.jpg',0,0),(568,37,6,'http://farm4.staticflickr.com/3413/3544044637_208058c8b4_o.jpg','test','test',1370572630,'http://farm4.staticflickr.com/3413/3544044637_9a9a491978_m.jpg',0,0),(569,37,6,'http://farm8.staticflickr.com/7173/6430214673_6a80d19700_b.jpg','test','test',1370572630,'http://farm8.staticflickr.com/7173/6430214673_6a80d19700_m.jpg',0,0),(570,37,6,'http://farm4.staticflickr.com/3413/3544044637_208058c8b4_o.jpg','test','test',1370572630,'http://farm4.staticflickr.com/3413/3544044637_9a9a491978_m.jpg',0,0),(571,37,3,'http://farm5.staticflickr.com/4135/4852548105_f47030ce09_o.jpg','test','test',1370572630,'http://farm5.staticflickr.com/4135/4852548105_041d544a61_n.jpg',0,0),(572,37,3,'http://farm5.staticflickr.com/4135/4852548105_f47030ce09_o.jpg','test','test',1370572630,'http://farm5.staticflickr.com/4135/4852548105_041d544a61_n.jpg',0,0),(573,37,3,'http://farm8.staticflickr.com/7161/6430213513_02b5542890_b.jpg','test','test',1370572630,'http://farm8.staticflickr.com/7161/6430213513_02b5542890_n.jpg',0,0),(574,37,3,'http://farm9.staticflickr.com/8450/8014700704_c1ac5e6e9b_z.jpg','test','test',1370572630,'http://farm9.staticflickr.com/8450/8014700704_c1ac5e6e9b_m.jpg',0,0),(575,37,3,'http://farm8.staticflickr.com/7161/6430213513_02b5542890_b.jpg','test','test',1370572630,'http://farm8.staticflickr.com/7161/6430213513_02b5542890_n.jpg',0,0),(576,37,3,'http://farm8.staticflickr.com/7161/6430213513_02b5542890_b.jpg','test','test',1370572630,'http://farm8.staticflickr.com/7161/6430213513_02b5542890_n.jpg',0,0),(577,37,3,'http://farm8.staticflickr.com/7161/6430213513_02b5542890_b.jpg','test','test',1370572630,'http://farm8.staticflickr.com/7161/6430213513_02b5542890_n.jpg',0,0),(578,38,4,'http://farm5.staticflickr.com/4135/4852548105_f47030ce09_o.jpg','test','test',1370572630,'http://farm5.staticflickr.com/4135/4852548105_041d544a61_n.jpg',0,0),(579,38,4,'http://farm8.staticflickr.com/7173/6430214673_6a80d19700_b.jpg','test','test',1370572630,'http://farm8.staticflickr.com/7173/6430214673_6a80d19700_m.jpg',0,0),(580,38,4,'http://farm5.staticflickr.com/4135/4852548105_f47030ce09_o.jpg','test','test',1370572630,'http://farm5.staticflickr.com/4135/4852548105_041d544a61_n.jpg',0,0),(581,38,4,'http://farm8.staticflickr.com/7161/6430213513_02b5542890_b.jpg','test','test',1370572630,'http://farm8.staticflickr.com/7161/6430213513_02b5542890_n.jpg',0,0),(582,38,4,'http://farm9.staticflickr.com/8450/8014700704_c1ac5e6e9b_z.jpg','test','test',1370572630,'http://farm9.staticflickr.com/8450/8014700704_c1ac5e6e9b_m.jpg',0,0),(583,38,4,'http://farm8.staticflickr.com/7161/6430213513_02b5542890_b.jpg','test','test',1370572630,'http://farm8.staticflickr.com/7161/6430213513_02b5542890_n.jpg',0,0),(584,38,4,'http://farm9.staticflickr.com/8450/8014700704_c1ac5e6e9b_z.jpg','test','test',1370572630,'http://farm9.staticflickr.com/8450/8014700704_c1ac5e6e9b_m.jpg',0,0),(585,38,38,'http://farm8.staticflickr.com/7161/6430213513_02b5542890_b.jpg','test','test',1370572630,'http://farm8.staticflickr.com/7161/6430213513_02b5542890_n.jpg',0,0),(586,38,38,'http://farm8.staticflickr.com/7173/6430214673_6a80d19700_b.jpg','test','test',1370572630,'http://farm8.staticflickr.com/7173/6430214673_6a80d19700_m.jpg',0,0),(587,38,38,'http://farm9.staticflickr.com/8450/8014700704_c1ac5e6e9b_z.jpg','test','test',1370572630,'http://farm9.staticflickr.com/8450/8014700704_c1ac5e6e9b_m.jpg',0,0),(588,38,38,'http://farm5.staticflickr.com/4135/4852548105_f47030ce09_o.jpg','test','test',1370572630,'http://farm5.staticflickr.com/4135/4852548105_041d544a61_n.jpg',0,0),(589,38,38,'http://farm5.staticflickr.com/4135/4852548105_f47030ce09_o.jpg','test','test',1370572630,'http://farm5.staticflickr.com/4135/4852548105_041d544a61_n.jpg',0,0),(590,38,38,'http://farm5.staticflickr.com/4135/4852548105_f47030ce09_o.jpg','test','test',1370572630,'http://farm5.staticflickr.com/4135/4852548105_041d544a61_n.jpg',0,0),(591,38,38,'http://farm5.staticflickr.com/4135/4852548105_f47030ce09_o.jpg','test','test',1370572630,'http://farm5.staticflickr.com/4135/4852548105_041d544a61_n.jpg',0,0),(592,39,27,'http://farm8.staticflickr.com/7161/6430213513_02b5542890_b.jpg','test','test',1370572630,'http://farm8.staticflickr.com/7161/6430213513_02b5542890_n.jpg',0,0),(593,39,27,'http://farm4.staticflickr.com/3413/3544044637_208058c8b4_o.jpg','test','test',1370572630,'http://farm4.staticflickr.com/3413/3544044637_9a9a491978_m.jpg',0,0),(594,39,27,'http://farm4.staticflickr.com/3413/3544044637_208058c8b4_o.jpg','test','test',1370572630,'http://farm4.staticflickr.com/3413/3544044637_9a9a491978_m.jpg',0,0),(595,39,27,'http://farm8.staticflickr.com/7173/6430214673_6a80d19700_b.jpg','test','test',1370572630,'http://farm8.staticflickr.com/7173/6430214673_6a80d19700_m.jpg',0,0),(596,39,27,'http://farm9.staticflickr.com/8450/8014700704_c1ac5e6e9b_z.jpg','test','test',1370572630,'http://farm9.staticflickr.com/8450/8014700704_c1ac5e6e9b_m.jpg',0,0),(597,39,27,'http://farm5.staticflickr.com/4135/4852548105_f47030ce09_o.jpg','test','test',1370572630,'http://farm5.staticflickr.com/4135/4852548105_041d544a61_n.jpg',0,0),(598,39,27,'http://farm8.staticflickr.com/7173/6430214673_6a80d19700_b.jpg','test','test',1370572630,'http://farm8.staticflickr.com/7173/6430214673_6a80d19700_m.jpg',0,0),(599,39,35,'http://farm8.staticflickr.com/7161/6430213513_02b5542890_b.jpg','test','test',1370572630,'http://farm8.staticflickr.com/7161/6430213513_02b5542890_n.jpg',0,0),(600,39,35,'http://farm4.staticflickr.com/3413/3544044637_208058c8b4_o.jpg','test','test',1370572630,'http://farm4.staticflickr.com/3413/3544044637_9a9a491978_m.jpg',0,0),(601,39,35,'http://farm4.staticflickr.com/3413/3544044637_208058c8b4_o.jpg','test','test',1370572630,'http://farm4.staticflickr.com/3413/3544044637_9a9a491978_m.jpg',0,0),(602,39,35,'http://farm9.staticflickr.com/8450/8014700704_c1ac5e6e9b_z.jpg','test','test',1370572630,'http://farm9.staticflickr.com/8450/8014700704_c1ac5e6e9b_m.jpg',0,0),(603,39,35,'http://farm8.staticflickr.com/7173/6430214673_6a80d19700_b.jpg','test','test',1370572630,'http://farm8.staticflickr.com/7173/6430214673_6a80d19700_m.jpg',0,0),(604,39,35,'http://farm8.staticflickr.com/7161/6430213513_02b5542890_b.jpg','test','test',1370572630,'http://farm8.staticflickr.com/7161/6430213513_02b5542890_n.jpg',0,0),(605,39,35,'http://farm9.staticflickr.com/8450/8014700704_c1ac5e6e9b_z.jpg','test','test',1370572630,'http://farm9.staticflickr.com/8450/8014700704_c1ac5e6e9b_m.jpg',0,0),(606,40,5,'http://farm4.staticflickr.com/3413/3544044637_208058c8b4_o.jpg','test','test',1370572630,'http://farm4.staticflickr.com/3413/3544044637_9a9a491978_m.jpg',0,0),(607,40,5,'http://farm4.staticflickr.com/3413/3544044637_208058c8b4_o.jpg','test','test',1370572630,'http://farm4.staticflickr.com/3413/3544044637_9a9a491978_m.jpg',0,0),(608,40,5,'http://farm5.staticflickr.com/4135/4852548105_f47030ce09_o.jpg','test','test',1370572630,'http://farm5.staticflickr.com/4135/4852548105_041d544a61_n.jpg',0,0),(609,40,5,'http://farm4.staticflickr.com/3413/3544044637_208058c8b4_o.jpg','test','test',1370572630,'http://farm4.staticflickr.com/3413/3544044637_9a9a491978_m.jpg',0,0),(610,40,5,'http://farm8.staticflickr.com/7173/6430214673_6a80d19700_b.jpg','test','test',1370572630,'http://farm8.staticflickr.com/7173/6430214673_6a80d19700_m.jpg',0,0),(611,40,5,'http://farm5.staticflickr.com/4135/4852548105_f47030ce09_o.jpg','test','test',1370572630,'http://farm5.staticflickr.com/4135/4852548105_041d544a61_n.jpg',0,0),(612,40,5,'http://farm4.staticflickr.com/3413/3544044637_208058c8b4_o.jpg','test','test',1370572630,'http://farm4.staticflickr.com/3413/3544044637_9a9a491978_m.jpg',0,0),(613,40,30,'http://farm9.staticflickr.com/8450/8014700704_c1ac5e6e9b_z.jpg','test','test',1370572630,'http://farm9.staticflickr.com/8450/8014700704_c1ac5e6e9b_m.jpg',0,0),(614,40,30,'http://farm9.staticflickr.com/8450/8014700704_c1ac5e6e9b_z.jpg','test','test',1370572630,'http://farm9.staticflickr.com/8450/8014700704_c1ac5e6e9b_m.jpg',0,0),(615,40,30,'http://farm8.staticflickr.com/7173/6430214673_6a80d19700_b.jpg','test','test',1370572630,'http://farm8.staticflickr.com/7173/6430214673_6a80d19700_m.jpg',0,0),(616,40,30,'http://farm5.staticflickr.com/4135/4852548105_f47030ce09_o.jpg','test','test',1370572630,'http://farm5.staticflickr.com/4135/4852548105_041d544a61_n.jpg',0,0),(617,40,30,'http://farm5.staticflickr.com/4135/4852548105_f47030ce09_o.jpg','test','test',1370572630,'http://farm5.staticflickr.com/4135/4852548105_041d544a61_n.jpg',0,0),(618,40,30,'http://farm9.staticflickr.com/8450/8014700704_c1ac5e6e9b_z.jpg','test','test',1370572630,'http://farm9.staticflickr.com/8450/8014700704_c1ac5e6e9b_m.jpg',0,0),(619,40,30,'http://farm8.staticflickr.com/7173/6430214673_6a80d19700_b.jpg','test','test',1370572630,'http://farm8.staticflickr.com/7173/6430214673_6a80d19700_m.jpg',0,0),(620,41,9,'http://farm9.staticflickr.com/8450/8014700704_c1ac5e6e9b_z.jpg','test','test',1370572630,'http://farm9.staticflickr.com/8450/8014700704_c1ac5e6e9b_m.jpg',0,0),(621,41,9,'http://farm9.staticflickr.com/8450/8014700704_c1ac5e6e9b_z.jpg','test','test',1370572630,'http://farm9.staticflickr.com/8450/8014700704_c1ac5e6e9b_m.jpg',0,0),(622,41,9,'http://farm8.staticflickr.com/7161/6430213513_02b5542890_b.jpg','test','test',1370572630,'http://farm8.staticflickr.com/7161/6430213513_02b5542890_n.jpg',0,0),(623,41,9,'http://farm8.staticflickr.com/7173/6430214673_6a80d19700_b.jpg','test','test',1370572630,'http://farm8.staticflickr.com/7173/6430214673_6a80d19700_m.jpg',0,0),(624,41,9,'http://farm4.staticflickr.com/3413/3544044637_208058c8b4_o.jpg','test','test',1370572630,'http://farm4.staticflickr.com/3413/3544044637_9a9a491978_m.jpg',0,0),(625,41,9,'http://farm4.staticflickr.com/3413/3544044637_208058c8b4_o.jpg','test','test',1370572630,'http://farm4.staticflickr.com/3413/3544044637_9a9a491978_m.jpg',0,0),(626,41,9,'http://farm9.staticflickr.com/8450/8014700704_c1ac5e6e9b_z.jpg','test','test',1370572630,'http://farm9.staticflickr.com/8450/8014700704_c1ac5e6e9b_m.jpg',0,0),(627,41,13,'http://farm5.staticflickr.com/4135/4852548105_f47030ce09_o.jpg','test','test',1370572630,'http://farm5.staticflickr.com/4135/4852548105_041d544a61_n.jpg',0,0),(628,41,13,'http://farm9.staticflickr.com/8450/8014700704_c1ac5e6e9b_z.jpg','test','test',1370572630,'http://farm9.staticflickr.com/8450/8014700704_c1ac5e6e9b_m.jpg',0,0),(629,41,13,'http://farm8.staticflickr.com/7173/6430214673_6a80d19700_b.jpg','test','test',1370572630,'http://farm8.staticflickr.com/7173/6430214673_6a80d19700_m.jpg',0,0),(630,41,13,'http://farm9.staticflickr.com/8450/8014700704_c1ac5e6e9b_z.jpg','test','test',1370572630,'http://farm9.staticflickr.com/8450/8014700704_c1ac5e6e9b_m.jpg',0,0),(631,41,13,'http://farm8.staticflickr.com/7161/6430213513_02b5542890_b.jpg','test','test',1370572630,'http://farm8.staticflickr.com/7161/6430213513_02b5542890_n.jpg',0,0),(632,41,13,'http://farm8.staticflickr.com/7161/6430213513_02b5542890_b.jpg','test','test',1370572630,'http://farm8.staticflickr.com/7161/6430213513_02b5542890_n.jpg',0,0),(633,41,13,'http://farm9.staticflickr.com/8450/8014700704_c1ac5e6e9b_z.jpg','test','test',1370572630,'http://farm9.staticflickr.com/8450/8014700704_c1ac5e6e9b_m.jpg',0,0),(634,42,13,'http://farm8.staticflickr.com/7173/6430214673_6a80d19700_b.jpg','test','test',1370572630,'http://farm8.staticflickr.com/7173/6430214673_6a80d19700_m.jpg',0,0),(635,42,13,'http://farm5.staticflickr.com/4135/4852548105_f47030ce09_o.jpg','test','test',1370572630,'http://farm5.staticflickr.com/4135/4852548105_041d544a61_n.jpg',0,0),(636,42,13,'http://farm8.staticflickr.com/7173/6430214673_6a80d19700_b.jpg','test','test',1370572630,'http://farm8.staticflickr.com/7173/6430214673_6a80d19700_m.jpg',0,0),(637,42,13,'http://farm5.staticflickr.com/4135/4852548105_f47030ce09_o.jpg','test','test',1370572630,'http://farm5.staticflickr.com/4135/4852548105_041d544a61_n.jpg',0,0),(638,42,13,'http://farm8.staticflickr.com/7161/6430213513_02b5542890_b.jpg','test','test',1370572630,'http://farm8.staticflickr.com/7161/6430213513_02b5542890_n.jpg',0,0),(639,42,13,'http://farm9.staticflickr.com/8450/8014700704_c1ac5e6e9b_z.jpg','test','test',1370572630,'http://farm9.staticflickr.com/8450/8014700704_c1ac5e6e9b_m.jpg',0,0),(640,42,13,'http://farm8.staticflickr.com/7161/6430213513_02b5542890_b.jpg','test','test',1370572630,'http://farm8.staticflickr.com/7161/6430213513_02b5542890_n.jpg',0,0),(641,42,21,'http://farm9.staticflickr.com/8450/8014700704_c1ac5e6e9b_z.jpg','test','test',1370572630,'http://farm9.staticflickr.com/8450/8014700704_c1ac5e6e9b_m.jpg',0,0),(642,42,21,'http://farm5.staticflickr.com/4135/4852548105_f47030ce09_o.jpg','test','test',1370572630,'http://farm5.staticflickr.com/4135/4852548105_041d544a61_n.jpg',0,0),(643,42,21,'http://farm9.staticflickr.com/8450/8014700704_c1ac5e6e9b_z.jpg','test','test',1370572630,'http://farm9.staticflickr.com/8450/8014700704_c1ac5e6e9b_m.jpg',0,0),(644,42,21,'http://farm4.staticflickr.com/3413/3544044637_208058c8b4_o.jpg','test','test',1370572630,'http://farm4.staticflickr.com/3413/3544044637_9a9a491978_m.jpg',0,0),(645,42,21,'http://farm4.staticflickr.com/3413/3544044637_208058c8b4_o.jpg','test','test',1370572630,'http://farm4.staticflickr.com/3413/3544044637_9a9a491978_m.jpg',0,0),(646,42,21,'http://farm8.staticflickr.com/7161/6430213513_02b5542890_b.jpg','test','test',1370572630,'http://farm8.staticflickr.com/7161/6430213513_02b5542890_n.jpg',0,0),(647,42,21,'http://farm9.staticflickr.com/8450/8014700704_c1ac5e6e9b_z.jpg','test','test',1370572630,'http://farm9.staticflickr.com/8450/8014700704_c1ac5e6e9b_m.jpg',0,0),(648,43,39,'http://farm5.staticflickr.com/4135/4852548105_f47030ce09_o.jpg','test','test',1370572630,'http://farm5.staticflickr.com/4135/4852548105_041d544a61_n.jpg',0,0),(649,43,39,'http://farm8.staticflickr.com/7161/6430213513_02b5542890_b.jpg','test','test',1370572630,'http://farm8.staticflickr.com/7161/6430213513_02b5542890_n.jpg',0,0),(650,43,39,'http://farm9.staticflickr.com/8450/8014700704_c1ac5e6e9b_z.jpg','test','test',1370572630,'http://farm9.staticflickr.com/8450/8014700704_c1ac5e6e9b_m.jpg',0,0),(651,43,39,'http://farm8.staticflickr.com/7161/6430213513_02b5542890_b.jpg','test','test',1370572630,'http://farm8.staticflickr.com/7161/6430213513_02b5542890_n.jpg',0,0),(652,43,39,'http://farm8.staticflickr.com/7173/6430214673_6a80d19700_b.jpg','test','test',1370572630,'http://farm8.staticflickr.com/7173/6430214673_6a80d19700_m.jpg',0,0),(653,43,39,'http://farm8.staticflickr.com/7173/6430214673_6a80d19700_b.jpg','test','test',1370572630,'http://farm8.staticflickr.com/7173/6430214673_6a80d19700_m.jpg',0,0),(654,43,39,'http://farm4.staticflickr.com/3413/3544044637_208058c8b4_o.jpg','test','test',1370572630,'http://farm4.staticflickr.com/3413/3544044637_9a9a491978_m.jpg',0,0),(655,43,1,'http://farm8.staticflickr.com/7173/6430214673_6a80d19700_b.jpg','test','test',1370572630,'http://farm8.staticflickr.com/7173/6430214673_6a80d19700_m.jpg',0,0),(656,43,1,'http://farm8.staticflickr.com/7173/6430214673_6a80d19700_b.jpg','test','test',1370572630,'http://farm8.staticflickr.com/7173/6430214673_6a80d19700_m.jpg',0,0),(657,43,1,'http://farm9.staticflickr.com/8450/8014700704_c1ac5e6e9b_z.jpg','test','test',1370572630,'http://farm9.staticflickr.com/8450/8014700704_c1ac5e6e9b_m.jpg',0,0),(658,43,1,'http://farm5.staticflickr.com/4135/4852548105_f47030ce09_o.jpg','test','test',1370572630,'http://farm5.staticflickr.com/4135/4852548105_041d544a61_n.jpg',0,0),(659,43,1,'http://farm5.staticflickr.com/4135/4852548105_f47030ce09_o.jpg','test','test',1370572630,'http://farm5.staticflickr.com/4135/4852548105_041d544a61_n.jpg',0,0),(660,43,1,'http://farm9.staticflickr.com/8450/8014700704_c1ac5e6e9b_z.jpg','test','test',1370572630,'http://farm9.staticflickr.com/8450/8014700704_c1ac5e6e9b_m.jpg',0,0),(661,43,1,'http://farm9.staticflickr.com/8450/8014700704_c1ac5e6e9b_z.jpg','test','test',1370572630,'http://farm9.staticflickr.com/8450/8014700704_c1ac5e6e9b_m.jpg',0,0),(662,44,2,'http://farm4.staticflickr.com/3413/3544044637_208058c8b4_o.jpg','test','test',1370572630,'http://farm4.staticflickr.com/3413/3544044637_9a9a491978_m.jpg',0,0),(663,44,2,'http://farm8.staticflickr.com/7173/6430214673_6a80d19700_b.jpg','test','test',1370572630,'http://farm8.staticflickr.com/7173/6430214673_6a80d19700_m.jpg',0,0),(664,44,2,'http://farm5.staticflickr.com/4135/4852548105_f47030ce09_o.jpg','test','test',1370572630,'http://farm5.staticflickr.com/4135/4852548105_041d544a61_n.jpg',0,0),(665,44,2,'http://farm8.staticflickr.com/7173/6430214673_6a80d19700_b.jpg','test','test',1370572630,'http://farm8.staticflickr.com/7173/6430214673_6a80d19700_m.jpg',0,0),(666,44,2,'http://farm8.staticflickr.com/7173/6430214673_6a80d19700_b.jpg','test','test',1370572630,'http://farm8.staticflickr.com/7173/6430214673_6a80d19700_m.jpg',0,0),(667,44,2,'http://farm9.staticflickr.com/8450/8014700704_c1ac5e6e9b_z.jpg','test','test',1370572630,'http://farm9.staticflickr.com/8450/8014700704_c1ac5e6e9b_m.jpg',0,0),(668,44,2,'http://farm4.staticflickr.com/3413/3544044637_208058c8b4_o.jpg','test','test',1370572630,'http://farm4.staticflickr.com/3413/3544044637_9a9a491978_m.jpg',0,0),(669,44,19,'http://farm4.staticflickr.com/3413/3544044637_208058c8b4_o.jpg','test','test',1370572630,'http://farm4.staticflickr.com/3413/3544044637_9a9a491978_m.jpg',0,0),(670,44,19,'http://farm9.staticflickr.com/8450/8014700704_c1ac5e6e9b_z.jpg','test','test',1370572630,'http://farm9.staticflickr.com/8450/8014700704_c1ac5e6e9b_m.jpg',0,0),(671,44,19,'http://farm8.staticflickr.com/7173/6430214673_6a80d19700_b.jpg','test','test',1370572630,'http://farm8.staticflickr.com/7173/6430214673_6a80d19700_m.jpg',0,0),(672,44,19,'http://farm4.staticflickr.com/3413/3544044637_208058c8b4_o.jpg','test','test',1370572630,'http://farm4.staticflickr.com/3413/3544044637_9a9a491978_m.jpg',0,0),(673,44,19,'http://farm5.staticflickr.com/4135/4852548105_f47030ce09_o.jpg','test','test',1370572630,'http://farm5.staticflickr.com/4135/4852548105_041d544a61_n.jpg',0,0),(674,44,19,'http://farm8.staticflickr.com/7173/6430214673_6a80d19700_b.jpg','test','test',1370572630,'http://farm8.staticflickr.com/7173/6430214673_6a80d19700_m.jpg',0,0),(675,44,19,'http://farm4.staticflickr.com/3413/3544044637_208058c8b4_o.jpg','test','test',1370572630,'http://farm4.staticflickr.com/3413/3544044637_9a9a491978_m.jpg',0,0),(676,45,12,'http://farm4.staticflickr.com/3413/3544044637_208058c8b4_o.jpg','test','test',1370572630,'http://farm4.staticflickr.com/3413/3544044637_9a9a491978_m.jpg',0,0),(677,45,12,'http://farm4.staticflickr.com/3413/3544044637_208058c8b4_o.jpg','test','test',1370572630,'http://farm4.staticflickr.com/3413/3544044637_9a9a491978_m.jpg',0,0),(678,45,12,'http://farm4.staticflickr.com/3413/3544044637_208058c8b4_o.jpg','test','test',1370572630,'http://farm4.staticflickr.com/3413/3544044637_9a9a491978_m.jpg',0,0),(679,45,12,'http://farm8.staticflickr.com/7173/6430214673_6a80d19700_b.jpg','test','test',1370572630,'http://farm8.staticflickr.com/7173/6430214673_6a80d19700_m.jpg',0,0),(680,45,12,'http://farm8.staticflickr.com/7173/6430214673_6a80d19700_b.jpg','test','test',1370572630,'http://farm8.staticflickr.com/7173/6430214673_6a80d19700_m.jpg',0,0),(681,45,12,'http://farm5.staticflickr.com/4135/4852548105_f47030ce09_o.jpg','test','test',1370572630,'http://farm5.staticflickr.com/4135/4852548105_041d544a61_n.jpg',0,0),(682,45,12,'http://farm8.staticflickr.com/7173/6430214673_6a80d19700_b.jpg','test','test',1370572630,'http://farm8.staticflickr.com/7173/6430214673_6a80d19700_m.jpg',0,0),(683,45,22,'http://farm4.staticflickr.com/3413/3544044637_208058c8b4_o.jpg','test','test',1370572630,'http://farm4.staticflickr.com/3413/3544044637_9a9a491978_m.jpg',0,0),(684,45,22,'http://farm8.staticflickr.com/7173/6430214673_6a80d19700_b.jpg','test','test',1370572630,'http://farm8.staticflickr.com/7173/6430214673_6a80d19700_m.jpg',0,0),(685,45,22,'http://farm8.staticflickr.com/7173/6430214673_6a80d19700_b.jpg','test','test',1370572630,'http://farm8.staticflickr.com/7173/6430214673_6a80d19700_m.jpg',0,0),(686,45,22,'http://farm8.staticflickr.com/7161/6430213513_02b5542890_b.jpg','test','test',1370572630,'http://farm8.staticflickr.com/7161/6430213513_02b5542890_n.jpg',0,0),(687,45,22,'http://farm8.staticflickr.com/7161/6430213513_02b5542890_b.jpg','test','test',1370572630,'http://farm8.staticflickr.com/7161/6430213513_02b5542890_n.jpg',0,0),(688,45,22,'http://farm8.staticflickr.com/7161/6430213513_02b5542890_b.jpg','test','test',1370572630,'http://farm8.staticflickr.com/7161/6430213513_02b5542890_n.jpg',0,0),(689,45,22,'http://farm5.staticflickr.com/4135/4852548105_f47030ce09_o.jpg','test','test',1370572630,'http://farm5.staticflickr.com/4135/4852548105_041d544a61_n.jpg',0,0),(690,46,17,'http://farm5.staticflickr.com/4135/4852548105_f47030ce09_o.jpg','test','test',1370572630,'http://farm5.staticflickr.com/4135/4852548105_041d544a61_n.jpg',0,0),(691,46,17,'http://farm8.staticflickr.com/7173/6430214673_6a80d19700_b.jpg','test','test',1370572630,'http://farm8.staticflickr.com/7173/6430214673_6a80d19700_m.jpg',0,0),(692,46,17,'http://farm5.staticflickr.com/4135/4852548105_f47030ce09_o.jpg','test','test',1370572630,'http://farm5.staticflickr.com/4135/4852548105_041d544a61_n.jpg',0,0),(693,46,17,'http://farm9.staticflickr.com/8450/8014700704_c1ac5e6e9b_z.jpg','test','test',1370572630,'http://farm9.staticflickr.com/8450/8014700704_c1ac5e6e9b_m.jpg',0,0),(694,46,17,'http://farm8.staticflickr.com/7161/6430213513_02b5542890_b.jpg','test','test',1370572630,'http://farm8.staticflickr.com/7161/6430213513_02b5542890_n.jpg',0,0),(695,46,17,'http://farm5.staticflickr.com/4135/4852548105_f47030ce09_o.jpg','test','test',1370572630,'http://farm5.staticflickr.com/4135/4852548105_041d544a61_n.jpg',0,0),(696,46,17,'http://farm8.staticflickr.com/7161/6430213513_02b5542890_b.jpg','test','test',1370572630,'http://farm8.staticflickr.com/7161/6430213513_02b5542890_n.jpg',0,0),(697,46,16,'http://farm5.staticflickr.com/4135/4852548105_f47030ce09_o.jpg','test','test',1370572630,'http://farm5.staticflickr.com/4135/4852548105_041d544a61_n.jpg',0,0),(698,46,16,'http://farm4.staticflickr.com/3413/3544044637_208058c8b4_o.jpg','test','test',1370572630,'http://farm4.staticflickr.com/3413/3544044637_9a9a491978_m.jpg',0,0),(699,46,16,'http://farm8.staticflickr.com/7173/6430214673_6a80d19700_b.jpg','test','test',1370572630,'http://farm8.staticflickr.com/7173/6430214673_6a80d19700_m.jpg',0,0),(700,46,16,'http://farm8.staticflickr.com/7161/6430213513_02b5542890_b.jpg','test','test',1370572630,'http://farm8.staticflickr.com/7161/6430213513_02b5542890_n.jpg',0,0),(701,46,16,'http://farm8.staticflickr.com/7173/6430214673_6a80d19700_b.jpg','test','test',1370572630,'http://farm8.staticflickr.com/7173/6430214673_6a80d19700_m.jpg',0,0),(702,46,16,'http://farm9.staticflickr.com/8450/8014700704_c1ac5e6e9b_z.jpg','test','test',1370572630,'http://farm9.staticflickr.com/8450/8014700704_c1ac5e6e9b_m.jpg',0,0),(703,46,16,'http://farm5.staticflickr.com/4135/4852548105_f47030ce09_o.jpg','test','test',1370572630,'http://farm5.staticflickr.com/4135/4852548105_041d544a61_n.jpg',0,0),(704,47,7,'http://farm9.staticflickr.com/8450/8014700704_c1ac5e6e9b_z.jpg','test','test',1370572630,'http://farm9.staticflickr.com/8450/8014700704_c1ac5e6e9b_m.jpg',0,0),(705,47,7,'http://farm8.staticflickr.com/7161/6430213513_02b5542890_b.jpg','test','test',1370572630,'http://farm8.staticflickr.com/7161/6430213513_02b5542890_n.jpg',0,0),(706,47,7,'http://farm8.staticflickr.com/7161/6430213513_02b5542890_b.jpg','test','test',1370572630,'http://farm8.staticflickr.com/7161/6430213513_02b5542890_n.jpg',0,0),(707,47,7,'http://farm8.staticflickr.com/7173/6430214673_6a80d19700_b.jpg','test','test',1370572630,'http://farm8.staticflickr.com/7173/6430214673_6a80d19700_m.jpg',0,0),(708,47,7,'http://farm8.staticflickr.com/7173/6430214673_6a80d19700_b.jpg','test','test',1370572630,'http://farm8.staticflickr.com/7173/6430214673_6a80d19700_m.jpg',0,0),(709,47,7,'http://farm5.staticflickr.com/4135/4852548105_f47030ce09_o.jpg','test','test',1370572630,'http://farm5.staticflickr.com/4135/4852548105_041d544a61_n.jpg',0,0),(710,47,7,'http://farm5.staticflickr.com/4135/4852548105_f47030ce09_o.jpg','test','test',1370572630,'http://farm5.staticflickr.com/4135/4852548105_041d544a61_n.jpg',0,0),(711,47,4,'http://farm9.staticflickr.com/8450/8014700704_c1ac5e6e9b_z.jpg','test','test',1370572630,'http://farm9.staticflickr.com/8450/8014700704_c1ac5e6e9b_m.jpg',0,0),(712,47,4,'http://farm9.staticflickr.com/8450/8014700704_c1ac5e6e9b_z.jpg','test','test',1370572630,'http://farm9.staticflickr.com/8450/8014700704_c1ac5e6e9b_m.jpg',0,0),(713,47,4,'http://farm5.staticflickr.com/4135/4852548105_f47030ce09_o.jpg','test','test',1370572630,'http://farm5.staticflickr.com/4135/4852548105_041d544a61_n.jpg',0,0),(714,47,4,'http://farm5.staticflickr.com/4135/4852548105_f47030ce09_o.jpg','test','test',1370572630,'http://farm5.staticflickr.com/4135/4852548105_041d544a61_n.jpg',0,0),(715,47,4,'http://farm8.staticflickr.com/7161/6430213513_02b5542890_b.jpg','test','test',1370572630,'http://farm8.staticflickr.com/7161/6430213513_02b5542890_n.jpg',0,0),(716,47,4,'http://farm8.staticflickr.com/7173/6430214673_6a80d19700_b.jpg','test','test',1370572630,'http://farm8.staticflickr.com/7173/6430214673_6a80d19700_m.jpg',0,0),(717,47,4,'http://farm9.staticflickr.com/8450/8014700704_c1ac5e6e9b_z.jpg','test','test',1370572630,'http://farm9.staticflickr.com/8450/8014700704_c1ac5e6e9b_m.jpg',0,0),(718,48,10,'http://farm5.staticflickr.com/4135/4852548105_f47030ce09_o.jpg','test','test',1370572630,'http://farm5.staticflickr.com/4135/4852548105_041d544a61_n.jpg',0,0),(719,48,10,'http://farm4.staticflickr.com/3413/3544044637_208058c8b4_o.jpg','test','test',1370572630,'http://farm4.staticflickr.com/3413/3544044637_9a9a491978_m.jpg',0,0),(720,48,10,'http://farm8.staticflickr.com/7173/6430214673_6a80d19700_b.jpg','test','test',1370572630,'http://farm8.staticflickr.com/7173/6430214673_6a80d19700_m.jpg',0,0),(721,48,10,'http://farm9.staticflickr.com/8450/8014700704_c1ac5e6e9b_z.jpg','test','test',1370572630,'http://farm9.staticflickr.com/8450/8014700704_c1ac5e6e9b_m.jpg',0,0),(722,48,10,'http://farm8.staticflickr.com/7161/6430213513_02b5542890_b.jpg','test','test',1370572630,'http://farm8.staticflickr.com/7161/6430213513_02b5542890_n.jpg',0,0),(723,48,10,'http://farm4.staticflickr.com/3413/3544044637_208058c8b4_o.jpg','test','test',1370572630,'http://farm4.staticflickr.com/3413/3544044637_9a9a491978_m.jpg',0,0),(724,48,10,'http://farm8.staticflickr.com/7161/6430213513_02b5542890_b.jpg','test','test',1370572630,'http://farm8.staticflickr.com/7161/6430213513_02b5542890_n.jpg',0,0),(725,48,13,'http://farm5.staticflickr.com/4135/4852548105_f47030ce09_o.jpg','test','test',1370572630,'http://farm5.staticflickr.com/4135/4852548105_041d544a61_n.jpg',0,0),(726,48,13,'http://farm5.staticflickr.com/4135/4852548105_f47030ce09_o.jpg','test','test',1370572630,'http://farm5.staticflickr.com/4135/4852548105_041d544a61_n.jpg',0,0),(727,48,13,'http://farm5.staticflickr.com/4135/4852548105_f47030ce09_o.jpg','test','test',1370572630,'http://farm5.staticflickr.com/4135/4852548105_041d544a61_n.jpg',0,0),(728,48,13,'http://farm9.staticflickr.com/8450/8014700704_c1ac5e6e9b_z.jpg','test','test',1370572630,'http://farm9.staticflickr.com/8450/8014700704_c1ac5e6e9b_m.jpg',0,0),(729,48,13,'http://farm5.staticflickr.com/4135/4852548105_f47030ce09_o.jpg','test','test',1370572630,'http://farm5.staticflickr.com/4135/4852548105_041d544a61_n.jpg',0,0),(730,48,13,'http://farm8.staticflickr.com/7161/6430213513_02b5542890_b.jpg','test','test',1370572630,'http://farm8.staticflickr.com/7161/6430213513_02b5542890_n.jpg',0,0),(731,48,13,'http://farm9.staticflickr.com/8450/8014700704_c1ac5e6e9b_z.jpg','test','test',1370572630,'http://farm9.staticflickr.com/8450/8014700704_c1ac5e6e9b_m.jpg',0,0),(732,49,30,'http://farm4.staticflickr.com/3413/3544044637_208058c8b4_o.jpg','test','test',1370572630,'http://farm4.staticflickr.com/3413/3544044637_9a9a491978_m.jpg',0,0),(733,49,30,'http://farm5.staticflickr.com/4135/4852548105_f47030ce09_o.jpg','test','test',1370572630,'http://farm5.staticflickr.com/4135/4852548105_041d544a61_n.jpg',0,0),(734,49,30,'http://farm4.staticflickr.com/3413/3544044637_208058c8b4_o.jpg','test','test',1370572630,'http://farm4.staticflickr.com/3413/3544044637_9a9a491978_m.jpg',0,0),(735,49,30,'http://farm9.staticflickr.com/8450/8014700704_c1ac5e6e9b_z.jpg','test','test',1370572630,'http://farm9.staticflickr.com/8450/8014700704_c1ac5e6e9b_m.jpg',0,0),(736,49,30,'http://farm8.staticflickr.com/7161/6430213513_02b5542890_b.jpg','test','test',1370572630,'http://farm8.staticflickr.com/7161/6430213513_02b5542890_n.jpg',0,0),(737,49,30,'http://farm5.staticflickr.com/4135/4852548105_f47030ce09_o.jpg','test','test',1370572630,'http://farm5.staticflickr.com/4135/4852548105_041d544a61_n.jpg',0,0),(738,49,30,'http://farm8.staticflickr.com/7173/6430214673_6a80d19700_b.jpg','test','test',1370572630,'http://farm8.staticflickr.com/7173/6430214673_6a80d19700_m.jpg',0,0),(739,49,23,'http://farm4.staticflickr.com/3413/3544044637_208058c8b4_o.jpg','test','test',1370572630,'http://farm4.staticflickr.com/3413/3544044637_9a9a491978_m.jpg',0,0),(740,49,23,'http://farm4.staticflickr.com/3413/3544044637_208058c8b4_o.jpg','test','test',1370572630,'http://farm4.staticflickr.com/3413/3544044637_9a9a491978_m.jpg',0,0),(741,49,23,'http://farm8.staticflickr.com/7173/6430214673_6a80d19700_b.jpg','test','test',1370572630,'http://farm8.staticflickr.com/7173/6430214673_6a80d19700_m.jpg',0,0),(742,49,23,'http://farm8.staticflickr.com/7161/6430213513_02b5542890_b.jpg','test','test',1370572630,'http://farm8.staticflickr.com/7161/6430213513_02b5542890_n.jpg',0,0),(743,49,23,'http://farm8.staticflickr.com/7173/6430214673_6a80d19700_b.jpg','test','test',1370572630,'http://farm8.staticflickr.com/7173/6430214673_6a80d19700_m.jpg',0,0),(744,49,23,'http://farm8.staticflickr.com/7173/6430214673_6a80d19700_b.jpg','test','test',1370572630,'http://farm8.staticflickr.com/7173/6430214673_6a80d19700_m.jpg',0,0),(745,49,23,'http://farm5.staticflickr.com/4135/4852548105_f47030ce09_o.jpg','test','test',1370572630,'http://farm5.staticflickr.com/4135/4852548105_041d544a61_n.jpg',0,0),(746,50,34,'http://farm9.staticflickr.com/8450/8014700704_c1ac5e6e9b_z.jpg','test','test',1370572630,'http://farm9.staticflickr.com/8450/8014700704_c1ac5e6e9b_m.jpg',0,0),(747,50,34,'http://farm4.staticflickr.com/3413/3544044637_208058c8b4_o.jpg','test','test',1370572630,'http://farm4.staticflickr.com/3413/3544044637_9a9a491978_m.jpg',0,0),(748,50,34,'http://farm4.staticflickr.com/3413/3544044637_208058c8b4_o.jpg','test','test',1370572630,'http://farm4.staticflickr.com/3413/3544044637_9a9a491978_m.jpg',0,0),(749,50,34,'http://farm5.staticflickr.com/4135/4852548105_f47030ce09_o.jpg','test','test',1370572630,'http://farm5.staticflickr.com/4135/4852548105_041d544a61_n.jpg',0,0),(750,50,34,'http://farm4.staticflickr.com/3413/3544044637_208058c8b4_o.jpg','test','test',1370572630,'http://farm4.staticflickr.com/3413/3544044637_9a9a491978_m.jpg',0,0),(751,50,34,'http://farm8.staticflickr.com/7161/6430213513_02b5542890_b.jpg','test','test',1370572630,'http://farm8.staticflickr.com/7161/6430213513_02b5542890_n.jpg',0,0),(752,50,34,'http://farm4.staticflickr.com/3413/3544044637_208058c8b4_o.jpg','test','test',1370572630,'http://farm4.staticflickr.com/3413/3544044637_9a9a491978_m.jpg',0,0),(753,50,27,'http://farm9.staticflickr.com/8450/8014700704_c1ac5e6e9b_z.jpg','test','test',1370572630,'http://farm9.staticflickr.com/8450/8014700704_c1ac5e6e9b_m.jpg',0,0),(754,50,27,'http://farm5.staticflickr.com/4135/4852548105_f47030ce09_o.jpg','test','test',1370572630,'http://farm5.staticflickr.com/4135/4852548105_041d544a61_n.jpg',0,0),(755,50,27,'http://farm5.staticflickr.com/4135/4852548105_f47030ce09_o.jpg','test','test',1370572630,'http://farm5.staticflickr.com/4135/4852548105_041d544a61_n.jpg',0,0),(756,50,27,'http://farm4.staticflickr.com/3413/3544044637_208058c8b4_o.jpg','test','test',1370572630,'http://farm4.staticflickr.com/3413/3544044637_9a9a491978_m.jpg',0,0),(757,50,27,'http://farm9.staticflickr.com/8450/8014700704_c1ac5e6e9b_z.jpg','test','test',1370572630,'http://farm9.staticflickr.com/8450/8014700704_c1ac5e6e9b_m.jpg',0,0),(758,50,27,'http://farm4.staticflickr.com/3413/3544044637_208058c8b4_o.jpg','test','test',1370572630,'http://farm4.staticflickr.com/3413/3544044637_9a9a491978_m.jpg',0,0),(759,50,27,'http://farm5.staticflickr.com/4135/4852548105_f47030ce09_o.jpg','test','test',1370572630,'http://farm5.staticflickr.com/4135/4852548105_041d544a61_n.jpg',0,0),(760,51,4,'http://farm8.staticflickr.com/7161/6430213513_02b5542890_b.jpg','test','test',1370572630,'http://farm8.staticflickr.com/7161/6430213513_02b5542890_n.jpg',0,0),(761,51,4,'http://farm5.staticflickr.com/4135/4852548105_f47030ce09_o.jpg','test','test',1370572630,'http://farm5.staticflickr.com/4135/4852548105_041d544a61_n.jpg',0,0),(762,51,4,'http://farm8.staticflickr.com/7173/6430214673_6a80d19700_b.jpg','test','test',1370572630,'http://farm8.staticflickr.com/7173/6430214673_6a80d19700_m.jpg',0,0),(763,51,4,'http://farm4.staticflickr.com/3413/3544044637_208058c8b4_o.jpg','test','test',1370572630,'http://farm4.staticflickr.com/3413/3544044637_9a9a491978_m.jpg',0,0),(764,51,4,'http://farm8.staticflickr.com/7161/6430213513_02b5542890_b.jpg','test','test',1370572630,'http://farm8.staticflickr.com/7161/6430213513_02b5542890_n.jpg',0,0),(765,51,4,'http://farm8.staticflickr.com/7161/6430213513_02b5542890_b.jpg','test','test',1370572630,'http://farm8.staticflickr.com/7161/6430213513_02b5542890_n.jpg',0,0),(766,51,4,'http://farm8.staticflickr.com/7161/6430213513_02b5542890_b.jpg','test','test',1370572630,'http://farm8.staticflickr.com/7161/6430213513_02b5542890_n.jpg',0,0),(767,51,13,'http://farm8.staticflickr.com/7161/6430213513_02b5542890_b.jpg','test','test',1370572630,'http://farm8.staticflickr.com/7161/6430213513_02b5542890_n.jpg',0,0),(768,51,13,'http://farm5.staticflickr.com/4135/4852548105_f47030ce09_o.jpg','test','test',1370572630,'http://farm5.staticflickr.com/4135/4852548105_041d544a61_n.jpg',0,0),(769,51,13,'http://farm5.staticflickr.com/4135/4852548105_f47030ce09_o.jpg','test','test',1370572630,'http://farm5.staticflickr.com/4135/4852548105_041d544a61_n.jpg',0,0),(770,51,13,'http://farm5.staticflickr.com/4135/4852548105_f47030ce09_o.jpg','test','test',1370572630,'http://farm5.staticflickr.com/4135/4852548105_041d544a61_n.jpg',0,0),(771,51,13,'http://farm4.staticflickr.com/3413/3544044637_208058c8b4_o.jpg','test','test',1370572630,'http://farm4.staticflickr.com/3413/3544044637_9a9a491978_m.jpg',0,0),(772,51,13,'http://farm8.staticflickr.com/7173/6430214673_6a80d19700_b.jpg','test','test',1370572630,'http://farm8.staticflickr.com/7173/6430214673_6a80d19700_m.jpg',0,0),(773,51,13,'http://farm8.staticflickr.com/7161/6430213513_02b5542890_b.jpg','test','test',1370572630,'http://farm8.staticflickr.com/7161/6430213513_02b5542890_n.jpg',0,0),(774,52,3,'http://farm8.staticflickr.com/7173/6430214673_6a80d19700_b.jpg','test','test',1370572630,'http://farm8.staticflickr.com/7173/6430214673_6a80d19700_m.jpg',0,0),(775,52,3,'http://farm8.staticflickr.com/7161/6430213513_02b5542890_b.jpg','test','test',1370572630,'http://farm8.staticflickr.com/7161/6430213513_02b5542890_n.jpg',0,0),(776,52,3,'http://farm5.staticflickr.com/4135/4852548105_f47030ce09_o.jpg','test','test',1370572630,'http://farm5.staticflickr.com/4135/4852548105_041d544a61_n.jpg',0,0),(777,52,3,'http://farm8.staticflickr.com/7173/6430214673_6a80d19700_b.jpg','test','test',1370572630,'http://farm8.staticflickr.com/7173/6430214673_6a80d19700_m.jpg',0,0),(778,52,3,'http://farm4.staticflickr.com/3413/3544044637_208058c8b4_o.jpg','test','test',1370572630,'http://farm4.staticflickr.com/3413/3544044637_9a9a491978_m.jpg',0,0),(779,52,3,'http://farm5.staticflickr.com/4135/4852548105_f47030ce09_o.jpg','test','test',1370572630,'http://farm5.staticflickr.com/4135/4852548105_041d544a61_n.jpg',0,0),(780,52,3,'http://farm4.staticflickr.com/3413/3544044637_208058c8b4_o.jpg','test','test',1370572630,'http://farm4.staticflickr.com/3413/3544044637_9a9a491978_m.jpg',0,0),(781,52,1,'http://farm8.staticflickr.com/7161/6430213513_02b5542890_b.jpg','test','test',1370572630,'http://farm8.staticflickr.com/7161/6430213513_02b5542890_n.jpg',0,0),(782,52,1,'http://farm8.staticflickr.com/7161/6430213513_02b5542890_b.jpg','test','test',1370572630,'http://farm8.staticflickr.com/7161/6430213513_02b5542890_n.jpg',0,0),(783,52,1,'http://farm4.staticflickr.com/3413/3544044637_208058c8b4_o.jpg','test','test',1370572630,'http://farm4.staticflickr.com/3413/3544044637_9a9a491978_m.jpg',0,0),(784,52,1,'http://farm8.staticflickr.com/7161/6430213513_02b5542890_b.jpg','test','test',1370572630,'http://farm8.staticflickr.com/7161/6430213513_02b5542890_n.jpg',0,0),(785,52,1,'http://farm8.staticflickr.com/7173/6430214673_6a80d19700_b.jpg','test','test',1370572630,'http://farm8.staticflickr.com/7173/6430214673_6a80d19700_m.jpg',0,0),(786,52,1,'http://farm8.staticflickr.com/7161/6430213513_02b5542890_b.jpg','test','test',1370572630,'http://farm8.staticflickr.com/7161/6430213513_02b5542890_n.jpg',0,0),(787,52,1,'http://farm5.staticflickr.com/4135/4852548105_f47030ce09_o.jpg','test','test',1370572630,'http://farm5.staticflickr.com/4135/4852548105_041d544a61_n.jpg',0,0),(788,53,34,'http://farm9.staticflickr.com/8450/8014700704_c1ac5e6e9b_z.jpg','test','test',1370572630,'http://farm9.staticflickr.com/8450/8014700704_c1ac5e6e9b_m.jpg',0,0),(789,53,34,'http://farm4.staticflickr.com/3413/3544044637_208058c8b4_o.jpg','test','test',1370572630,'http://farm4.staticflickr.com/3413/3544044637_9a9a491978_m.jpg',0,0),(790,53,34,'http://farm5.staticflickr.com/4135/4852548105_f47030ce09_o.jpg','test','test',1370572630,'http://farm5.staticflickr.com/4135/4852548105_041d544a61_n.jpg',0,0),(791,53,34,'http://farm8.staticflickr.com/7161/6430213513_02b5542890_b.jpg','test','test',1370572630,'http://farm8.staticflickr.com/7161/6430213513_02b5542890_n.jpg',0,0),(792,53,34,'http://farm8.staticflickr.com/7161/6430213513_02b5542890_b.jpg','test','test',1370572630,'http://farm8.staticflickr.com/7161/6430213513_02b5542890_n.jpg',0,0),(793,53,34,'http://farm9.staticflickr.com/8450/8014700704_c1ac5e6e9b_z.jpg','test','test',1370572630,'http://farm9.staticflickr.com/8450/8014700704_c1ac5e6e9b_m.jpg',0,0),(794,53,34,'http://farm4.staticflickr.com/3413/3544044637_208058c8b4_o.jpg','test','test',1370572630,'http://farm4.staticflickr.com/3413/3544044637_9a9a491978_m.jpg',0,0),(795,54,2,'http://farm8.staticflickr.com/7161/6430213513_02b5542890_b.jpg','test','test',1370572630,'http://farm8.staticflickr.com/7161/6430213513_02b5542890_n.jpg',0,0),(796,54,2,'http://farm8.staticflickr.com/7161/6430213513_02b5542890_b.jpg','test','test',1370572630,'http://farm8.staticflickr.com/7161/6430213513_02b5542890_n.jpg',0,0),(797,54,2,'http://farm5.staticflickr.com/4135/4852548105_f47030ce09_o.jpg','test','test',1370572630,'http://farm5.staticflickr.com/4135/4852548105_041d544a61_n.jpg',0,0),(798,54,2,'http://farm5.staticflickr.com/4135/4852548105_f47030ce09_o.jpg','test','test',1370572630,'http://farm5.staticflickr.com/4135/4852548105_041d544a61_n.jpg',0,0),(799,54,2,'http://farm9.staticflickr.com/8450/8014700704_c1ac5e6e9b_z.jpg','test','test',1370572630,'http://farm9.staticflickr.com/8450/8014700704_c1ac5e6e9b_m.jpg',0,0),(800,54,2,'http://farm4.staticflickr.com/3413/3544044637_208058c8b4_o.jpg','test','test',1370572630,'http://farm4.staticflickr.com/3413/3544044637_9a9a491978_m.jpg',0,0),(801,54,2,'http://farm4.staticflickr.com/3413/3544044637_208058c8b4_o.jpg','test','test',1370572630,'http://farm4.staticflickr.com/3413/3544044637_9a9a491978_m.jpg',0,0),(802,54,19,'http://farm4.staticflickr.com/3413/3544044637_208058c8b4_o.jpg','test','test',1370572630,'http://farm4.staticflickr.com/3413/3544044637_9a9a491978_m.jpg',0,0),(803,54,19,'http://farm8.staticflickr.com/7173/6430214673_6a80d19700_b.jpg','test','test',1370572630,'http://farm8.staticflickr.com/7173/6430214673_6a80d19700_m.jpg',0,0),(804,54,19,'http://farm5.staticflickr.com/4135/4852548105_f47030ce09_o.jpg','test','test',1370572630,'http://farm5.staticflickr.com/4135/4852548105_041d544a61_n.jpg',0,0),(805,54,19,'http://farm8.staticflickr.com/7161/6430213513_02b5542890_b.jpg','test','test',1370572630,'http://farm8.staticflickr.com/7161/6430213513_02b5542890_n.jpg',0,0),(806,54,19,'http://farm4.staticflickr.com/3413/3544044637_208058c8b4_o.jpg','test','test',1370572630,'http://farm4.staticflickr.com/3413/3544044637_9a9a491978_m.jpg',0,0),(807,54,19,'http://farm5.staticflickr.com/4135/4852548105_f47030ce09_o.jpg','test','test',1370572630,'http://farm5.staticflickr.com/4135/4852548105_041d544a61_n.jpg',0,0),(808,54,19,'http://farm8.staticflickr.com/7173/6430214673_6a80d19700_b.jpg','test','test',1370572630,'http://farm8.staticflickr.com/7173/6430214673_6a80d19700_m.jpg',0,0),(809,55,28,'http://farm4.staticflickr.com/3413/3544044637_208058c8b4_o.jpg','test','test',1370572630,'http://farm4.staticflickr.com/3413/3544044637_9a9a491978_m.jpg',0,0),(810,55,28,'http://farm8.staticflickr.com/7173/6430214673_6a80d19700_b.jpg','test','test',1370572630,'http://farm8.staticflickr.com/7173/6430214673_6a80d19700_m.jpg',0,0),(811,55,28,'http://farm9.staticflickr.com/8450/8014700704_c1ac5e6e9b_z.jpg','test','test',1370572630,'http://farm9.staticflickr.com/8450/8014700704_c1ac5e6e9b_m.jpg',0,0),(812,55,28,'http://farm8.staticflickr.com/7173/6430214673_6a80d19700_b.jpg','test','test',1370572630,'http://farm8.staticflickr.com/7173/6430214673_6a80d19700_m.jpg',0,0),(813,55,28,'http://farm8.staticflickr.com/7173/6430214673_6a80d19700_b.jpg','test','test',1370572630,'http://farm8.staticflickr.com/7173/6430214673_6a80d19700_m.jpg',0,0),(814,55,28,'http://farm8.staticflickr.com/7161/6430213513_02b5542890_b.jpg','test','test',1370572630,'http://farm8.staticflickr.com/7161/6430213513_02b5542890_n.jpg',0,0),(815,55,28,'http://farm4.staticflickr.com/3413/3544044637_208058c8b4_o.jpg','test','test',1370572630,'http://farm4.staticflickr.com/3413/3544044637_9a9a491978_m.jpg',0,0),(816,55,34,'http://farm4.staticflickr.com/3413/3544044637_208058c8b4_o.jpg','test','test',1370572630,'http://farm4.staticflickr.com/3413/3544044637_9a9a491978_m.jpg',0,0),(817,55,34,'http://farm8.staticflickr.com/7173/6430214673_6a80d19700_b.jpg','test','test',1370572630,'http://farm8.staticflickr.com/7173/6430214673_6a80d19700_m.jpg',0,0),(818,55,34,'http://farm4.staticflickr.com/3413/3544044637_208058c8b4_o.jpg','test','test',1370572630,'http://farm4.staticflickr.com/3413/3544044637_9a9a491978_m.jpg',0,0),(819,55,34,'http://farm4.staticflickr.com/3413/3544044637_208058c8b4_o.jpg','test','test',1370572630,'http://farm4.staticflickr.com/3413/3544044637_9a9a491978_m.jpg',0,0),(820,55,34,'http://farm8.staticflickr.com/7161/6430213513_02b5542890_b.jpg','test','test',1370572630,'http://farm8.staticflickr.com/7161/6430213513_02b5542890_n.jpg',0,0),(821,55,34,'http://farm9.staticflickr.com/8450/8014700704_c1ac5e6e9b_z.jpg','test','test',1370572630,'http://farm9.staticflickr.com/8450/8014700704_c1ac5e6e9b_m.jpg',0,0),(822,55,34,'http://farm4.staticflickr.com/3413/3544044637_208058c8b4_o.jpg','test','test',1370572630,'http://farm4.staticflickr.com/3413/3544044637_9a9a491978_m.jpg',0,0),(823,56,36,'http://farm5.staticflickr.com/4135/4852548105_f47030ce09_o.jpg','test','test',1370572630,'http://farm5.staticflickr.com/4135/4852548105_041d544a61_n.jpg',0,0),(824,56,36,'http://farm8.staticflickr.com/7161/6430213513_02b5542890_b.jpg','test','test',1370572630,'http://farm8.staticflickr.com/7161/6430213513_02b5542890_n.jpg',0,0),(825,56,36,'http://farm8.staticflickr.com/7161/6430213513_02b5542890_b.jpg','test','test',1370572630,'http://farm8.staticflickr.com/7161/6430213513_02b5542890_n.jpg',0,0),(826,56,36,'http://farm4.staticflickr.com/3413/3544044637_208058c8b4_o.jpg','test','test',1370572630,'http://farm4.staticflickr.com/3413/3544044637_9a9a491978_m.jpg',0,0),(827,56,36,'http://farm8.staticflickr.com/7161/6430213513_02b5542890_b.jpg','test','test',1370572630,'http://farm8.staticflickr.com/7161/6430213513_02b5542890_n.jpg',0,0),(828,56,36,'http://farm8.staticflickr.com/7161/6430213513_02b5542890_b.jpg','test','test',1370572630,'http://farm8.staticflickr.com/7161/6430213513_02b5542890_n.jpg',0,0),(829,56,36,'http://farm8.staticflickr.com/7173/6430214673_6a80d19700_b.jpg','test','test',1370572630,'http://farm8.staticflickr.com/7173/6430214673_6a80d19700_m.jpg',0,0),(830,56,15,'http://farm4.staticflickr.com/3413/3544044637_208058c8b4_o.jpg','test','test',1370572630,'http://farm4.staticflickr.com/3413/3544044637_9a9a491978_m.jpg',0,0),(831,56,15,'http://farm9.staticflickr.com/8450/8014700704_c1ac5e6e9b_z.jpg','test','test',1370572630,'http://farm9.staticflickr.com/8450/8014700704_c1ac5e6e9b_m.jpg',0,0),(832,56,15,'http://farm4.staticflickr.com/3413/3544044637_208058c8b4_o.jpg','test','test',1370572630,'http://farm4.staticflickr.com/3413/3544044637_9a9a491978_m.jpg',0,0),(833,56,15,'http://farm5.staticflickr.com/4135/4852548105_f47030ce09_o.jpg','test','test',1370572630,'http://farm5.staticflickr.com/4135/4852548105_041d544a61_n.jpg',0,0),(834,56,15,'http://farm5.staticflickr.com/4135/4852548105_f47030ce09_o.jpg','test','test',1370572630,'http://farm5.staticflickr.com/4135/4852548105_041d544a61_n.jpg',0,0),(835,56,15,'http://farm9.staticflickr.com/8450/8014700704_c1ac5e6e9b_z.jpg','test','test',1370572630,'http://farm9.staticflickr.com/8450/8014700704_c1ac5e6e9b_m.jpg',0,0),(836,56,15,'http://farm8.staticflickr.com/7173/6430214673_6a80d19700_b.jpg','test','test',1370572630,'http://farm8.staticflickr.com/7173/6430214673_6a80d19700_m.jpg',0,0),(837,57,26,'http://farm8.staticflickr.com/7173/6430214673_6a80d19700_b.jpg','test','test',1370572630,'http://farm8.staticflickr.com/7173/6430214673_6a80d19700_m.jpg',0,0),(838,57,26,'http://farm8.staticflickr.com/7161/6430213513_02b5542890_b.jpg','test','test',1370572630,'http://farm8.staticflickr.com/7161/6430213513_02b5542890_n.jpg',0,0),(839,57,26,'http://farm4.staticflickr.com/3413/3544044637_208058c8b4_o.jpg','test','test',1370572630,'http://farm4.staticflickr.com/3413/3544044637_9a9a491978_m.jpg',0,0),(840,57,26,'http://farm8.staticflickr.com/7161/6430213513_02b5542890_b.jpg','test','test',1370572630,'http://farm8.staticflickr.com/7161/6430213513_02b5542890_n.jpg',0,0),(841,57,26,'http://farm4.staticflickr.com/3413/3544044637_208058c8b4_o.jpg','test','test',1370572630,'http://farm4.staticflickr.com/3413/3544044637_9a9a491978_m.jpg',0,0),(842,57,26,'http://farm5.staticflickr.com/4135/4852548105_f47030ce09_o.jpg','test','test',1370572630,'http://farm5.staticflickr.com/4135/4852548105_041d544a61_n.jpg',0,0),(843,57,26,'http://farm8.staticflickr.com/7161/6430213513_02b5542890_b.jpg','test','test',1370572630,'http://farm8.staticflickr.com/7161/6430213513_02b5542890_n.jpg',0,0),(844,57,34,'http://farm9.staticflickr.com/8450/8014700704_c1ac5e6e9b_z.jpg','test','test',1370572630,'http://farm9.staticflickr.com/8450/8014700704_c1ac5e6e9b_m.jpg',0,0),(845,57,34,'http://farm8.staticflickr.com/7173/6430214673_6a80d19700_b.jpg','test','test',1370572630,'http://farm8.staticflickr.com/7173/6430214673_6a80d19700_m.jpg',0,0),(846,57,34,'http://farm5.staticflickr.com/4135/4852548105_f47030ce09_o.jpg','test','test',1370572630,'http://farm5.staticflickr.com/4135/4852548105_041d544a61_n.jpg',0,0),(847,57,34,'http://farm8.staticflickr.com/7161/6430213513_02b5542890_b.jpg','test','test',1370572630,'http://farm8.staticflickr.com/7161/6430213513_02b5542890_n.jpg',0,0),(848,57,34,'http://farm8.staticflickr.com/7161/6430213513_02b5542890_b.jpg','test','test',1370572630,'http://farm8.staticflickr.com/7161/6430213513_02b5542890_n.jpg',0,0),(849,57,34,'http://farm8.staticflickr.com/7161/6430213513_02b5542890_b.jpg','test','test',1370572630,'http://farm8.staticflickr.com/7161/6430213513_02b5542890_n.jpg',0,0),(850,57,34,'http://farm8.staticflickr.com/7161/6430213513_02b5542890_b.jpg','test','test',1370572630,'http://farm8.staticflickr.com/7161/6430213513_02b5542890_n.jpg',0,0),(851,58,9,'http://farm9.staticflickr.com/8450/8014700704_c1ac5e6e9b_z.jpg','test','test',1370572630,'http://farm9.staticflickr.com/8450/8014700704_c1ac5e6e9b_m.jpg',0,0),(852,58,9,'http://farm9.staticflickr.com/8450/8014700704_c1ac5e6e9b_z.jpg','test','test',1370572630,'http://farm9.staticflickr.com/8450/8014700704_c1ac5e6e9b_m.jpg',0,0),(853,58,9,'http://farm9.staticflickr.com/8450/8014700704_c1ac5e6e9b_z.jpg','test','test',1370572630,'http://farm9.staticflickr.com/8450/8014700704_c1ac5e6e9b_m.jpg',0,0),(854,58,9,'http://farm8.staticflickr.com/7161/6430213513_02b5542890_b.jpg','test','test',1370572630,'http://farm8.staticflickr.com/7161/6430213513_02b5542890_n.jpg',0,0),(855,58,9,'http://farm8.staticflickr.com/7161/6430213513_02b5542890_b.jpg','test','test',1370572630,'http://farm8.staticflickr.com/7161/6430213513_02b5542890_n.jpg',0,0),(856,58,9,'http://farm8.staticflickr.com/7161/6430213513_02b5542890_b.jpg','test','test',1370572630,'http://farm8.staticflickr.com/7161/6430213513_02b5542890_n.jpg',0,0),(857,58,9,'http://farm4.staticflickr.com/3413/3544044637_208058c8b4_o.jpg','test','test',1370572630,'http://farm4.staticflickr.com/3413/3544044637_9a9a491978_m.jpg',0,0),(858,58,17,'http://farm8.staticflickr.com/7161/6430213513_02b5542890_b.jpg','test','test',1370572630,'http://farm8.staticflickr.com/7161/6430213513_02b5542890_n.jpg',0,0),(859,58,17,'http://farm5.staticflickr.com/4135/4852548105_f47030ce09_o.jpg','test','test',1370572630,'http://farm5.staticflickr.com/4135/4852548105_041d544a61_n.jpg',0,0),(860,58,17,'http://farm9.staticflickr.com/8450/8014700704_c1ac5e6e9b_z.jpg','test','test',1370572630,'http://farm9.staticflickr.com/8450/8014700704_c1ac5e6e9b_m.jpg',0,0),(861,58,17,'http://farm8.staticflickr.com/7173/6430214673_6a80d19700_b.jpg','test','test',1370572630,'http://farm8.staticflickr.com/7173/6430214673_6a80d19700_m.jpg',0,0),(862,58,17,'http://farm4.staticflickr.com/3413/3544044637_208058c8b4_o.jpg','test','test',1370572630,'http://farm4.staticflickr.com/3413/3544044637_9a9a491978_m.jpg',0,0),(863,58,17,'http://farm8.staticflickr.com/7161/6430213513_02b5542890_b.jpg','test','test',1370572630,'http://farm8.staticflickr.com/7161/6430213513_02b5542890_n.jpg',0,0),(864,58,17,'http://farm4.staticflickr.com/3413/3544044637_208058c8b4_o.jpg','test','test',1370572630,'http://farm4.staticflickr.com/3413/3544044637_9a9a491978_m.jpg',0,0),(865,59,12,'http://farm4.staticflickr.com/3413/3544044637_208058c8b4_o.jpg','test','test',1370572630,'http://farm4.staticflickr.com/3413/3544044637_9a9a491978_m.jpg',0,0),(866,59,12,'http://farm4.staticflickr.com/3413/3544044637_208058c8b4_o.jpg','test','test',1370572630,'http://farm4.staticflickr.com/3413/3544044637_9a9a491978_m.jpg',0,0),(867,59,12,'http://farm4.staticflickr.com/3413/3544044637_208058c8b4_o.jpg','test','test',1370572630,'http://farm4.staticflickr.com/3413/3544044637_9a9a491978_m.jpg',0,0),(868,59,12,'http://farm4.staticflickr.com/3413/3544044637_208058c8b4_o.jpg','test','test',1370572630,'http://farm4.staticflickr.com/3413/3544044637_9a9a491978_m.jpg',0,0),(869,59,12,'http://farm8.staticflickr.com/7161/6430213513_02b5542890_b.jpg','test','test',1370572630,'http://farm8.staticflickr.com/7161/6430213513_02b5542890_n.jpg',0,0),(870,59,12,'http://farm8.staticflickr.com/7173/6430214673_6a80d19700_b.jpg','test','test',1370572630,'http://farm8.staticflickr.com/7173/6430214673_6a80d19700_m.jpg',0,0),(871,59,12,'http://farm5.staticflickr.com/4135/4852548105_f47030ce09_o.jpg','test','test',1370572630,'http://farm5.staticflickr.com/4135/4852548105_041d544a61_n.jpg',0,0),(872,59,28,'http://farm8.staticflickr.com/7161/6430213513_02b5542890_b.jpg','test','test',1370572630,'http://farm8.staticflickr.com/7161/6430213513_02b5542890_n.jpg',0,0),(873,59,28,'http://farm8.staticflickr.com/7173/6430214673_6a80d19700_b.jpg','test','test',1370572630,'http://farm8.staticflickr.com/7173/6430214673_6a80d19700_m.jpg',0,0),(874,59,28,'http://farm8.staticflickr.com/7173/6430214673_6a80d19700_b.jpg','test','test',1370572630,'http://farm8.staticflickr.com/7173/6430214673_6a80d19700_m.jpg',0,0),(875,59,28,'http://farm9.staticflickr.com/8450/8014700704_c1ac5e6e9b_z.jpg','test','test',1370572630,'http://farm9.staticflickr.com/8450/8014700704_c1ac5e6e9b_m.jpg',0,0),(876,59,28,'http://farm4.staticflickr.com/3413/3544044637_208058c8b4_o.jpg','test','test',1370572630,'http://farm4.staticflickr.com/3413/3544044637_9a9a491978_m.jpg',0,0),(877,59,28,'http://farm5.staticflickr.com/4135/4852548105_f47030ce09_o.jpg','test','test',1370572630,'http://farm5.staticflickr.com/4135/4852548105_041d544a61_n.jpg',0,0),(878,59,28,'http://farm8.staticflickr.com/7173/6430214673_6a80d19700_b.jpg','test','test',1370572630,'http://farm8.staticflickr.com/7173/6430214673_6a80d19700_m.jpg',0,0),(879,60,39,'http://farm4.staticflickr.com/3413/3544044637_208058c8b4_o.jpg','test','test',1370572630,'http://farm4.staticflickr.com/3413/3544044637_9a9a491978_m.jpg',0,0),(880,60,39,'http://farm8.staticflickr.com/7173/6430214673_6a80d19700_b.jpg','test','test',1370572630,'http://farm8.staticflickr.com/7173/6430214673_6a80d19700_m.jpg',0,0),(881,60,39,'http://farm8.staticflickr.com/7161/6430213513_02b5542890_b.jpg','test','test',1370572630,'http://farm8.staticflickr.com/7161/6430213513_02b5542890_n.jpg',0,0),(882,60,39,'http://farm8.staticflickr.com/7173/6430214673_6a80d19700_b.jpg','test','test',1370572630,'http://farm8.staticflickr.com/7173/6430214673_6a80d19700_m.jpg',0,0),(883,60,39,'http://farm4.staticflickr.com/3413/3544044637_208058c8b4_o.jpg','test','test',1370572630,'http://farm4.staticflickr.com/3413/3544044637_9a9a491978_m.jpg',0,0),(884,60,39,'http://farm8.staticflickr.com/7161/6430213513_02b5542890_b.jpg','test','test',1370572630,'http://farm8.staticflickr.com/7161/6430213513_02b5542890_n.jpg',0,0),(885,60,39,'http://farm5.staticflickr.com/4135/4852548105_f47030ce09_o.jpg','test','test',1370572630,'http://farm5.staticflickr.com/4135/4852548105_041d544a61_n.jpg',0,0),(886,60,16,'http://farm8.staticflickr.com/7173/6430214673_6a80d19700_b.jpg','test','test',1370572630,'http://farm8.staticflickr.com/7173/6430214673_6a80d19700_m.jpg',0,0),(887,60,16,'http://farm4.staticflickr.com/3413/3544044637_208058c8b4_o.jpg','test','test',1370572630,'http://farm4.staticflickr.com/3413/3544044637_9a9a491978_m.jpg',0,0),(888,60,16,'http://farm5.staticflickr.com/4135/4852548105_f47030ce09_o.jpg','test','test',1370572630,'http://farm5.staticflickr.com/4135/4852548105_041d544a61_n.jpg',0,0),(889,60,16,'http://farm9.staticflickr.com/8450/8014700704_c1ac5e6e9b_z.jpg','test','test',1370572630,'http://farm9.staticflickr.com/8450/8014700704_c1ac5e6e9b_m.jpg',0,0),(890,60,16,'http://farm8.staticflickr.com/7173/6430214673_6a80d19700_b.jpg','test','test',1370572630,'http://farm8.staticflickr.com/7173/6430214673_6a80d19700_m.jpg',0,0),(891,60,16,'http://farm5.staticflickr.com/4135/4852548105_f47030ce09_o.jpg','test','test',1370572630,'http://farm5.staticflickr.com/4135/4852548105_041d544a61_n.jpg',0,0),(892,60,16,'http://farm8.staticflickr.com/7161/6430213513_02b5542890_b.jpg','test','test',1370572630,'http://farm8.staticflickr.com/7161/6430213513_02b5542890_n.jpg',0,0),(893,61,12,'http://farm8.staticflickr.com/7161/6430213513_02b5542890_b.jpg','test','test',1370572630,'http://farm8.staticflickr.com/7161/6430213513_02b5542890_n.jpg',0,0),(894,61,12,'http://farm8.staticflickr.com/7173/6430214673_6a80d19700_b.jpg','test','test',1370572630,'http://farm8.staticflickr.com/7173/6430214673_6a80d19700_m.jpg',0,0),(895,61,12,'http://farm9.staticflickr.com/8450/8014700704_c1ac5e6e9b_z.jpg','test','test',1370572630,'http://farm9.staticflickr.com/8450/8014700704_c1ac5e6e9b_m.jpg',0,0),(896,61,12,'http://farm9.staticflickr.com/8450/8014700704_c1ac5e6e9b_z.jpg','test','test',1370572630,'http://farm9.staticflickr.com/8450/8014700704_c1ac5e6e9b_m.jpg',0,0),(897,61,12,'http://farm5.staticflickr.com/4135/4852548105_f47030ce09_o.jpg','test','test',1370572630,'http://farm5.staticflickr.com/4135/4852548105_041d544a61_n.jpg',0,0),(898,61,12,'http://farm4.staticflickr.com/3413/3544044637_208058c8b4_o.jpg','test','test',1370572630,'http://farm4.staticflickr.com/3413/3544044637_9a9a491978_m.jpg',0,0),(899,61,12,'http://farm5.staticflickr.com/4135/4852548105_f47030ce09_o.jpg','test','test',1370572630,'http://farm5.staticflickr.com/4135/4852548105_041d544a61_n.jpg',0,0),(900,61,9,'http://farm8.staticflickr.com/7173/6430214673_6a80d19700_b.jpg','test','test',1370572630,'http://farm8.staticflickr.com/7173/6430214673_6a80d19700_m.jpg',0,0),(901,61,9,'http://farm4.staticflickr.com/3413/3544044637_208058c8b4_o.jpg','test','test',1370572630,'http://farm4.staticflickr.com/3413/3544044637_9a9a491978_m.jpg',0,0),(902,61,9,'http://farm8.staticflickr.com/7173/6430214673_6a80d19700_b.jpg','test','test',1370572630,'http://farm8.staticflickr.com/7173/6430214673_6a80d19700_m.jpg',0,0),(903,61,9,'http://farm9.staticflickr.com/8450/8014700704_c1ac5e6e9b_z.jpg','test','test',1370572630,'http://farm9.staticflickr.com/8450/8014700704_c1ac5e6e9b_m.jpg',0,0),(904,61,9,'http://farm5.staticflickr.com/4135/4852548105_f47030ce09_o.jpg','test','test',1370572630,'http://farm5.staticflickr.com/4135/4852548105_041d544a61_n.jpg',0,0),(905,61,9,'http://farm8.staticflickr.com/7161/6430213513_02b5542890_b.jpg','test','test',1370572630,'http://farm8.staticflickr.com/7161/6430213513_02b5542890_n.jpg',0,0),(906,61,9,'http://farm9.staticflickr.com/8450/8014700704_c1ac5e6e9b_z.jpg','test','test',1370572630,'http://farm9.staticflickr.com/8450/8014700704_c1ac5e6e9b_m.jpg',0,0),(907,62,22,'http://farm4.staticflickr.com/3413/3544044637_208058c8b4_o.jpg','test','test',1370572630,'http://farm4.staticflickr.com/3413/3544044637_9a9a491978_m.jpg',0,0),(908,62,22,'http://farm5.staticflickr.com/4135/4852548105_f47030ce09_o.jpg','test','test',1370572630,'http://farm5.staticflickr.com/4135/4852548105_041d544a61_n.jpg',0,0),(909,62,22,'http://farm4.staticflickr.com/3413/3544044637_208058c8b4_o.jpg','test','test',1370572630,'http://farm4.staticflickr.com/3413/3544044637_9a9a491978_m.jpg',0,0),(910,62,22,'http://farm5.staticflickr.com/4135/4852548105_f47030ce09_o.jpg','test','test',1370572630,'http://farm5.staticflickr.com/4135/4852548105_041d544a61_n.jpg',0,0),(911,62,22,'http://farm9.staticflickr.com/8450/8014700704_c1ac5e6e9b_z.jpg','test','test',1370572630,'http://farm9.staticflickr.com/8450/8014700704_c1ac5e6e9b_m.jpg',0,0),(912,62,22,'http://farm5.staticflickr.com/4135/4852548105_f47030ce09_o.jpg','test','test',1370572630,'http://farm5.staticflickr.com/4135/4852548105_041d544a61_n.jpg',0,0),(913,62,22,'http://farm9.staticflickr.com/8450/8014700704_c1ac5e6e9b_z.jpg','test','test',1370572630,'http://farm9.staticflickr.com/8450/8014700704_c1ac5e6e9b_m.jpg',0,0),(914,62,19,'http://farm8.staticflickr.com/7161/6430213513_02b5542890_b.jpg','test','test',1370572630,'http://farm8.staticflickr.com/7161/6430213513_02b5542890_n.jpg',0,0),(915,62,19,'http://farm4.staticflickr.com/3413/3544044637_208058c8b4_o.jpg','test','test',1370572630,'http://farm4.staticflickr.com/3413/3544044637_9a9a491978_m.jpg',0,0),(916,62,19,'http://farm5.staticflickr.com/4135/4852548105_f47030ce09_o.jpg','test','test',1370572630,'http://farm5.staticflickr.com/4135/4852548105_041d544a61_n.jpg',0,0),(917,62,19,'http://farm4.staticflickr.com/3413/3544044637_208058c8b4_o.jpg','test','test',1370572630,'http://farm4.staticflickr.com/3413/3544044637_9a9a491978_m.jpg',0,0),(918,62,19,'http://farm8.staticflickr.com/7161/6430213513_02b5542890_b.jpg','test','test',1370572630,'http://farm8.staticflickr.com/7161/6430213513_02b5542890_n.jpg',0,0),(919,62,19,'http://farm9.staticflickr.com/8450/8014700704_c1ac5e6e9b_z.jpg','test','test',1370572630,'http://farm9.staticflickr.com/8450/8014700704_c1ac5e6e9b_m.jpg',0,0),(920,62,19,'http://farm9.staticflickr.com/8450/8014700704_c1ac5e6e9b_z.jpg','test','test',1370572630,'http://farm9.staticflickr.com/8450/8014700704_c1ac5e6e9b_m.jpg',0,0),(921,63,38,'http://farm8.staticflickr.com/7161/6430213513_02b5542890_b.jpg','test','test',1370572630,'http://farm8.staticflickr.com/7161/6430213513_02b5542890_n.jpg',0,0),(922,63,38,'http://farm8.staticflickr.com/7173/6430214673_6a80d19700_b.jpg','test','test',1370572630,'http://farm8.staticflickr.com/7173/6430214673_6a80d19700_m.jpg',0,0),(923,63,38,'http://farm4.staticflickr.com/3413/3544044637_208058c8b4_o.jpg','test','test',1370572630,'http://farm4.staticflickr.com/3413/3544044637_9a9a491978_m.jpg',0,0),(924,63,38,'http://farm9.staticflickr.com/8450/8014700704_c1ac5e6e9b_z.jpg','test','test',1370572630,'http://farm9.staticflickr.com/8450/8014700704_c1ac5e6e9b_m.jpg',0,0),(925,63,38,'http://farm8.staticflickr.com/7173/6430214673_6a80d19700_b.jpg','test','test',1370572630,'http://farm8.staticflickr.com/7173/6430214673_6a80d19700_m.jpg',0,0),(926,63,38,'http://farm5.staticflickr.com/4135/4852548105_f47030ce09_o.jpg','test','test',1370572630,'http://farm5.staticflickr.com/4135/4852548105_041d544a61_n.jpg',0,0),(927,63,38,'http://farm8.staticflickr.com/7173/6430214673_6a80d19700_b.jpg','test','test',1370572630,'http://farm8.staticflickr.com/7173/6430214673_6a80d19700_m.jpg',0,0),(928,63,22,'http://farm8.staticflickr.com/7161/6430213513_02b5542890_b.jpg','test','test',1370572630,'http://farm8.staticflickr.com/7161/6430213513_02b5542890_n.jpg',0,0),(929,63,22,'http://farm5.staticflickr.com/4135/4852548105_f47030ce09_o.jpg','test','test',1370572630,'http://farm5.staticflickr.com/4135/4852548105_041d544a61_n.jpg',0,0),(930,63,22,'http://farm5.staticflickr.com/4135/4852548105_f47030ce09_o.jpg','test','test',1370572630,'http://farm5.staticflickr.com/4135/4852548105_041d544a61_n.jpg',0,0),(931,63,22,'http://farm8.staticflickr.com/7173/6430214673_6a80d19700_b.jpg','test','test',1370572630,'http://farm8.staticflickr.com/7173/6430214673_6a80d19700_m.jpg',0,0),(932,63,22,'http://farm9.staticflickr.com/8450/8014700704_c1ac5e6e9b_z.jpg','test','test',1370572630,'http://farm9.staticflickr.com/8450/8014700704_c1ac5e6e9b_m.jpg',0,0),(933,63,22,'http://farm4.staticflickr.com/3413/3544044637_208058c8b4_o.jpg','test','test',1370572630,'http://farm4.staticflickr.com/3413/3544044637_9a9a491978_m.jpg',0,0),(934,63,22,'http://farm4.staticflickr.com/3413/3544044637_208058c8b4_o.jpg','test','test',1370572630,'http://farm4.staticflickr.com/3413/3544044637_9a9a491978_m.jpg',0,0),(935,64,5,'http://farm8.staticflickr.com/7161/6430213513_02b5542890_b.jpg','test','test',1370572630,'http://farm8.staticflickr.com/7161/6430213513_02b5542890_n.jpg',0,0),(936,64,5,'http://farm5.staticflickr.com/4135/4852548105_f47030ce09_o.jpg','test','test',1370572630,'http://farm5.staticflickr.com/4135/4852548105_041d544a61_n.jpg',0,0),(937,64,5,'http://farm4.staticflickr.com/3413/3544044637_208058c8b4_o.jpg','test','test',1370572630,'http://farm4.staticflickr.com/3413/3544044637_9a9a491978_m.jpg',0,0),(938,64,5,'http://farm5.staticflickr.com/4135/4852548105_f47030ce09_o.jpg','test','test',1370572630,'http://farm5.staticflickr.com/4135/4852548105_041d544a61_n.jpg',0,0),(939,64,5,'http://farm8.staticflickr.com/7173/6430214673_6a80d19700_b.jpg','test','test',1370572630,'http://farm8.staticflickr.com/7173/6430214673_6a80d19700_m.jpg',0,0),(940,64,5,'http://farm9.staticflickr.com/8450/8014700704_c1ac5e6e9b_z.jpg','test','test',1370572630,'http://farm9.staticflickr.com/8450/8014700704_c1ac5e6e9b_m.jpg',0,0),(941,64,5,'http://farm8.staticflickr.com/7173/6430214673_6a80d19700_b.jpg','test','test',1370572630,'http://farm8.staticflickr.com/7173/6430214673_6a80d19700_m.jpg',0,0),(942,64,38,'http://farm4.staticflickr.com/3413/3544044637_208058c8b4_o.jpg','test','test',1370572630,'http://farm4.staticflickr.com/3413/3544044637_9a9a491978_m.jpg',0,0),(943,64,38,'http://farm4.staticflickr.com/3413/3544044637_208058c8b4_o.jpg','test','test',1370572630,'http://farm4.staticflickr.com/3413/3544044637_9a9a491978_m.jpg',0,0),(944,64,38,'http://farm4.staticflickr.com/3413/3544044637_208058c8b4_o.jpg','test','test',1370572630,'http://farm4.staticflickr.com/3413/3544044637_9a9a491978_m.jpg',0,0),(945,64,38,'http://farm8.staticflickr.com/7173/6430214673_6a80d19700_b.jpg','test','test',1370572630,'http://farm8.staticflickr.com/7173/6430214673_6a80d19700_m.jpg',0,0),(946,64,38,'http://farm4.staticflickr.com/3413/3544044637_208058c8b4_o.jpg','test','test',1370572630,'http://farm4.staticflickr.com/3413/3544044637_9a9a491978_m.jpg',0,0),(947,64,38,'http://farm4.staticflickr.com/3413/3544044637_208058c8b4_o.jpg','test','test',1370572630,'http://farm4.staticflickr.com/3413/3544044637_9a9a491978_m.jpg',0,0),(948,64,38,'http://farm8.staticflickr.com/7173/6430214673_6a80d19700_b.jpg','test','test',1370572630,'http://farm8.staticflickr.com/7173/6430214673_6a80d19700_m.jpg',0,0),(949,65,17,'http://farm8.staticflickr.com/7173/6430214673_6a80d19700_b.jpg','test','test',1370572630,'http://farm8.staticflickr.com/7173/6430214673_6a80d19700_m.jpg',0,0),(950,65,17,'http://farm8.staticflickr.com/7173/6430214673_6a80d19700_b.jpg','test','test',1370572630,'http://farm8.staticflickr.com/7173/6430214673_6a80d19700_m.jpg',0,0),(951,65,17,'http://farm8.staticflickr.com/7161/6430213513_02b5542890_b.jpg','test','test',1370572630,'http://farm8.staticflickr.com/7161/6430213513_02b5542890_n.jpg',0,0),(952,65,17,'http://farm8.staticflickr.com/7161/6430213513_02b5542890_b.jpg','test','test',1370572630,'http://farm8.staticflickr.com/7161/6430213513_02b5542890_n.jpg',0,0),(953,65,17,'http://farm4.staticflickr.com/3413/3544044637_208058c8b4_o.jpg','test','test',1370572630,'http://farm4.staticflickr.com/3413/3544044637_9a9a491978_m.jpg',0,0),(954,65,17,'http://farm4.staticflickr.com/3413/3544044637_208058c8b4_o.jpg','test','test',1370572630,'http://farm4.staticflickr.com/3413/3544044637_9a9a491978_m.jpg',0,0),(955,65,17,'http://farm9.staticflickr.com/8450/8014700704_c1ac5e6e9b_z.jpg','test','test',1370572630,'http://farm9.staticflickr.com/8450/8014700704_c1ac5e6e9b_m.jpg',0,0),(956,65,19,'http://farm8.staticflickr.com/7161/6430213513_02b5542890_b.jpg','test','test',1370572630,'http://farm8.staticflickr.com/7161/6430213513_02b5542890_n.jpg',0,0),(957,65,19,'http://farm5.staticflickr.com/4135/4852548105_f47030ce09_o.jpg','test','test',1370572630,'http://farm5.staticflickr.com/4135/4852548105_041d544a61_n.jpg',0,0),(958,65,19,'http://farm5.staticflickr.com/4135/4852548105_f47030ce09_o.jpg','test','test',1370572630,'http://farm5.staticflickr.com/4135/4852548105_041d544a61_n.jpg',0,0),(959,65,19,'http://farm8.staticflickr.com/7161/6430213513_02b5542890_b.jpg','test','test',1370572630,'http://farm8.staticflickr.com/7161/6430213513_02b5542890_n.jpg',0,0),(960,65,19,'http://farm5.staticflickr.com/4135/4852548105_f47030ce09_o.jpg','test','test',1370572630,'http://farm5.staticflickr.com/4135/4852548105_041d544a61_n.jpg',0,0),(961,65,19,'http://farm8.staticflickr.com/7161/6430213513_02b5542890_b.jpg','test','test',1370572630,'http://farm8.staticflickr.com/7161/6430213513_02b5542890_n.jpg',0,0),(962,65,19,'http://farm5.staticflickr.com/4135/4852548105_f47030ce09_o.jpg','test','test',1370572630,'http://farm5.staticflickr.com/4135/4852548105_041d544a61_n.jpg',0,0),(963,66,10,'http://farm8.staticflickr.com/7173/6430214673_6a80d19700_b.jpg','test','test',1370572630,'http://farm8.staticflickr.com/7173/6430214673_6a80d19700_m.jpg',0,0),(964,66,10,'http://farm8.staticflickr.com/7161/6430213513_02b5542890_b.jpg','test','test',1370572630,'http://farm8.staticflickr.com/7161/6430213513_02b5542890_n.jpg',0,0),(965,66,10,'http://farm4.staticflickr.com/3413/3544044637_208058c8b4_o.jpg','test','test',1370572630,'http://farm4.staticflickr.com/3413/3544044637_9a9a491978_m.jpg',0,0),(966,66,10,'http://farm5.staticflickr.com/4135/4852548105_f47030ce09_o.jpg','test','test',1370572630,'http://farm5.staticflickr.com/4135/4852548105_041d544a61_n.jpg',0,0),(967,66,10,'http://farm5.staticflickr.com/4135/4852548105_f47030ce09_o.jpg','test','test',1370572630,'http://farm5.staticflickr.com/4135/4852548105_041d544a61_n.jpg',0,0),(968,66,10,'http://farm8.staticflickr.com/7173/6430214673_6a80d19700_b.jpg','test','test',1370572630,'http://farm8.staticflickr.com/7173/6430214673_6a80d19700_m.jpg',0,0),(969,66,10,'http://farm8.staticflickr.com/7161/6430213513_02b5542890_b.jpg','test','test',1370572630,'http://farm8.staticflickr.com/7161/6430213513_02b5542890_n.jpg',0,0),(970,66,22,'http://farm9.staticflickr.com/8450/8014700704_c1ac5e6e9b_z.jpg','test','test',1370572630,'http://farm9.staticflickr.com/8450/8014700704_c1ac5e6e9b_m.jpg',0,0),(971,66,22,'http://farm8.staticflickr.com/7173/6430214673_6a80d19700_b.jpg','test','test',1370572630,'http://farm8.staticflickr.com/7173/6430214673_6a80d19700_m.jpg',0,0),(972,66,22,'http://farm4.staticflickr.com/3413/3544044637_208058c8b4_o.jpg','test','test',1370572630,'http://farm4.staticflickr.com/3413/3544044637_9a9a491978_m.jpg',0,0),(973,66,22,'http://farm9.staticflickr.com/8450/8014700704_c1ac5e6e9b_z.jpg','test','test',1370572630,'http://farm9.staticflickr.com/8450/8014700704_c1ac5e6e9b_m.jpg',0,0),(974,66,22,'http://farm8.staticflickr.com/7173/6430214673_6a80d19700_b.jpg','test','test',1370572630,'http://farm8.staticflickr.com/7173/6430214673_6a80d19700_m.jpg',0,0),(975,66,22,'http://farm8.staticflickr.com/7173/6430214673_6a80d19700_b.jpg','test','test',1370572630,'http://farm8.staticflickr.com/7173/6430214673_6a80d19700_m.jpg',0,0),(976,66,22,'http://farm8.staticflickr.com/7161/6430213513_02b5542890_b.jpg','test','test',1370572630,'http://farm8.staticflickr.com/7161/6430213513_02b5542890_n.jpg',0,0),(977,67,26,'http://farm8.staticflickr.com/7161/6430213513_02b5542890_b.jpg','test','test',1370572630,'http://farm8.staticflickr.com/7161/6430213513_02b5542890_n.jpg',0,0),(978,67,26,'http://farm4.staticflickr.com/3413/3544044637_208058c8b4_o.jpg','test','test',1370572630,'http://farm4.staticflickr.com/3413/3544044637_9a9a491978_m.jpg',0,0),(979,67,26,'http://farm9.staticflickr.com/8450/8014700704_c1ac5e6e9b_z.jpg','test','test',1370572630,'http://farm9.staticflickr.com/8450/8014700704_c1ac5e6e9b_m.jpg',0,0),(980,67,26,'http://farm8.staticflickr.com/7173/6430214673_6a80d19700_b.jpg','test','test',1370572630,'http://farm8.staticflickr.com/7173/6430214673_6a80d19700_m.jpg',0,0),(981,67,26,'http://farm5.staticflickr.com/4135/4852548105_f47030ce09_o.jpg','test','test',1370572630,'http://farm5.staticflickr.com/4135/4852548105_041d544a61_n.jpg',0,0),(982,67,26,'http://farm8.staticflickr.com/7173/6430214673_6a80d19700_b.jpg','test','test',1370572630,'http://farm8.staticflickr.com/7173/6430214673_6a80d19700_m.jpg',0,0),(983,67,26,'http://farm4.staticflickr.com/3413/3544044637_208058c8b4_o.jpg','test','test',1370572630,'http://farm4.staticflickr.com/3413/3544044637_9a9a491978_m.jpg',0,0),(984,67,9,'http://farm9.staticflickr.com/8450/8014700704_c1ac5e6e9b_z.jpg','test','test',1370572630,'http://farm9.staticflickr.com/8450/8014700704_c1ac5e6e9b_m.jpg',0,0),(985,67,9,'http://farm8.staticflickr.com/7161/6430213513_02b5542890_b.jpg','test','test',1370572630,'http://farm8.staticflickr.com/7161/6430213513_02b5542890_n.jpg',0,0),(986,67,9,'http://farm5.staticflickr.com/4135/4852548105_f47030ce09_o.jpg','test','test',1370572630,'http://farm5.staticflickr.com/4135/4852548105_041d544a61_n.jpg',0,0),(987,67,9,'http://farm5.staticflickr.com/4135/4852548105_f47030ce09_o.jpg','test','test',1370572630,'http://farm5.staticflickr.com/4135/4852548105_041d544a61_n.jpg',0,0),(988,67,9,'http://farm9.staticflickr.com/8450/8014700704_c1ac5e6e9b_z.jpg','test','test',1370572630,'http://farm9.staticflickr.com/8450/8014700704_c1ac5e6e9b_m.jpg',0,0),(989,67,9,'http://farm8.staticflickr.com/7161/6430213513_02b5542890_b.jpg','test','test',1370572630,'http://farm8.staticflickr.com/7161/6430213513_02b5542890_n.jpg',0,0),(990,67,9,'http://farm4.staticflickr.com/3413/3544044637_208058c8b4_o.jpg','test','test',1370572630,'http://farm4.staticflickr.com/3413/3544044637_9a9a491978_m.jpg',0,0),(991,68,14,'http://farm9.staticflickr.com/8450/8014700704_c1ac5e6e9b_z.jpg','test','test',1370572630,'http://farm9.staticflickr.com/8450/8014700704_c1ac5e6e9b_m.jpg',0,0),(992,68,14,'http://farm4.staticflickr.com/3413/3544044637_208058c8b4_o.jpg','test','test',1370572630,'http://farm4.staticflickr.com/3413/3544044637_9a9a491978_m.jpg',0,0),(993,68,14,'http://farm4.staticflickr.com/3413/3544044637_208058c8b4_o.jpg','test','test',1370572630,'http://farm4.staticflickr.com/3413/3544044637_9a9a491978_m.jpg',0,0),(994,68,14,'http://farm5.staticflickr.com/4135/4852548105_f47030ce09_o.jpg','test','test',1370572630,'http://farm5.staticflickr.com/4135/4852548105_041d544a61_n.jpg',0,0),(995,68,14,'http://farm9.staticflickr.com/8450/8014700704_c1ac5e6e9b_z.jpg','test','test',1370572630,'http://farm9.staticflickr.com/8450/8014700704_c1ac5e6e9b_m.jpg',0,0),(996,68,14,'http://farm8.staticflickr.com/7161/6430213513_02b5542890_b.jpg','test','test',1370572630,'http://farm8.staticflickr.com/7161/6430213513_02b5542890_n.jpg',0,0),(997,68,14,'http://farm8.staticflickr.com/7173/6430214673_6a80d19700_b.jpg','test','test',1370572630,'http://farm8.staticflickr.com/7173/6430214673_6a80d19700_m.jpg',0,0),(998,68,8,'http://farm4.staticflickr.com/3413/3544044637_208058c8b4_o.jpg','test','test',1370572630,'http://farm4.staticflickr.com/3413/3544044637_9a9a491978_m.jpg',0,0),(999,68,8,'http://farm9.staticflickr.com/8450/8014700704_c1ac5e6e9b_z.jpg','test','test',1370572630,'http://farm9.staticflickr.com/8450/8014700704_c1ac5e6e9b_m.jpg',0,0),(1000,68,8,'http://farm8.staticflickr.com/7173/6430214673_6a80d19700_b.jpg','test','test',1370572630,'http://farm8.staticflickr.com/7173/6430214673_6a80d19700_m.jpg',0,0),(1001,68,8,'http://farm8.staticflickr.com/7173/6430214673_6a80d19700_b.jpg','test','test',1370572630,'http://farm8.staticflickr.com/7173/6430214673_6a80d19700_m.jpg',0,0),(1002,68,8,'http://farm8.staticflickr.com/7173/6430214673_6a80d19700_b.jpg','test','test',1370572630,'http://farm8.staticflickr.com/7173/6430214673_6a80d19700_m.jpg',0,0),(1003,68,8,'http://farm5.staticflickr.com/4135/4852548105_f47030ce09_o.jpg','test','test',1370572630,'http://farm5.staticflickr.com/4135/4852548105_041d544a61_n.jpg',0,0),(1004,68,8,'http://farm4.staticflickr.com/3413/3544044637_208058c8b4_o.jpg','test','test',1370572630,'http://farm4.staticflickr.com/3413/3544044637_9a9a491978_m.jpg',0,0),(1005,69,35,'http://farm5.staticflickr.com/4135/4852548105_f47030ce09_o.jpg','test','test',1370572630,'http://farm5.staticflickr.com/4135/4852548105_041d544a61_n.jpg',0,0),(1006,69,35,'http://farm9.staticflickr.com/8450/8014700704_c1ac5e6e9b_z.jpg','test','test',1370572630,'http://farm9.staticflickr.com/8450/8014700704_c1ac5e6e9b_m.jpg',0,0),(1007,69,35,'http://farm8.staticflickr.com/7173/6430214673_6a80d19700_b.jpg','test','test',1370572630,'http://farm8.staticflickr.com/7173/6430214673_6a80d19700_m.jpg',0,0),(1008,69,35,'http://farm8.staticflickr.com/7161/6430213513_02b5542890_b.jpg','test','test',1370572630,'http://farm8.staticflickr.com/7161/6430213513_02b5542890_n.jpg',0,0),(1009,69,35,'http://farm8.staticflickr.com/7173/6430214673_6a80d19700_b.jpg','test','test',1370572630,'http://farm8.staticflickr.com/7173/6430214673_6a80d19700_m.jpg',0,0),(1010,69,35,'http://farm9.staticflickr.com/8450/8014700704_c1ac5e6e9b_z.jpg','test','test',1370572630,'http://farm9.staticflickr.com/8450/8014700704_c1ac5e6e9b_m.jpg',0,0),(1011,69,35,'http://farm5.staticflickr.com/4135/4852548105_f47030ce09_o.jpg','test','test',1370572630,'http://farm5.staticflickr.com/4135/4852548105_041d544a61_n.jpg',0,0),(1012,69,12,'http://farm5.staticflickr.com/4135/4852548105_f47030ce09_o.jpg','test','test',1370572630,'http://farm5.staticflickr.com/4135/4852548105_041d544a61_n.jpg',0,0),(1013,69,12,'http://farm8.staticflickr.com/7161/6430213513_02b5542890_b.jpg','test','test',1370572630,'http://farm8.staticflickr.com/7161/6430213513_02b5542890_n.jpg',0,0),(1014,69,12,'http://farm4.staticflickr.com/3413/3544044637_208058c8b4_o.jpg','test','test',1370572630,'http://farm4.staticflickr.com/3413/3544044637_9a9a491978_m.jpg',0,0),(1015,69,12,'http://farm5.staticflickr.com/4135/4852548105_f47030ce09_o.jpg','test','test',1370572630,'http://farm5.staticflickr.com/4135/4852548105_041d544a61_n.jpg',0,0),(1016,69,12,'http://farm4.staticflickr.com/3413/3544044637_208058c8b4_o.jpg','test','test',1370572630,'http://farm4.staticflickr.com/3413/3544044637_9a9a491978_m.jpg',0,0),(1017,69,12,'http://farm4.staticflickr.com/3413/3544044637_208058c8b4_o.jpg','test','test',1370572630,'http://farm4.staticflickr.com/3413/3544044637_9a9a491978_m.jpg',0,0),(1018,69,12,'http://farm9.staticflickr.com/8450/8014700704_c1ac5e6e9b_z.jpg','test','test',1370572630,'http://farm9.staticflickr.com/8450/8014700704_c1ac5e6e9b_m.jpg',0,0),(1019,70,1,'http://farm4.staticflickr.com/3413/3544044637_208058c8b4_o.jpg','test','test',1370572630,'http://farm4.staticflickr.com/3413/3544044637_9a9a491978_m.jpg',0,0),(1020,70,1,'http://farm4.staticflickr.com/3413/3544044637_208058c8b4_o.jpg','test','test',1370572630,'http://farm4.staticflickr.com/3413/3544044637_9a9a491978_m.jpg',0,0),(1021,70,1,'http://farm5.staticflickr.com/4135/4852548105_f47030ce09_o.jpg','test','test',1370572630,'http://farm5.staticflickr.com/4135/4852548105_041d544a61_n.jpg',0,0),(1022,70,1,'http://farm4.staticflickr.com/3413/3544044637_208058c8b4_o.jpg','test','test',1370572630,'http://farm4.staticflickr.com/3413/3544044637_9a9a491978_m.jpg',0,0),(1023,70,1,'http://farm8.staticflickr.com/7161/6430213513_02b5542890_b.jpg','test','test',1370572630,'http://farm8.staticflickr.com/7161/6430213513_02b5542890_n.jpg',0,0),(1024,70,1,'http://farm4.staticflickr.com/3413/3544044637_208058c8b4_o.jpg','test','test',1370572630,'http://farm4.staticflickr.com/3413/3544044637_9a9a491978_m.jpg',0,0),(1025,70,1,'http://farm9.staticflickr.com/8450/8014700704_c1ac5e6e9b_z.jpg','test','test',1370572630,'http://farm9.staticflickr.com/8450/8014700704_c1ac5e6e9b_m.jpg',0,0),(1026,70,16,'http://farm9.staticflickr.com/8450/8014700704_c1ac5e6e9b_z.jpg','test','test',1370572630,'http://farm9.staticflickr.com/8450/8014700704_c1ac5e6e9b_m.jpg',0,0),(1027,70,16,'http://farm8.staticflickr.com/7173/6430214673_6a80d19700_b.jpg','test','test',1370572630,'http://farm8.staticflickr.com/7173/6430214673_6a80d19700_m.jpg',0,0),(1028,70,16,'http://farm5.staticflickr.com/4135/4852548105_f47030ce09_o.jpg','test','test',1370572630,'http://farm5.staticflickr.com/4135/4852548105_041d544a61_n.jpg',0,0),(1029,70,16,'http://farm8.staticflickr.com/7173/6430214673_6a80d19700_b.jpg','test','test',1370572630,'http://farm8.staticflickr.com/7173/6430214673_6a80d19700_m.jpg',0,0),(1030,70,16,'http://farm9.staticflickr.com/8450/8014700704_c1ac5e6e9b_z.jpg','test','test',1370572630,'http://farm9.staticflickr.com/8450/8014700704_c1ac5e6e9b_m.jpg',0,0),(1031,70,16,'http://farm8.staticflickr.com/7161/6430213513_02b5542890_b.jpg','test','test',1370572630,'http://farm8.staticflickr.com/7161/6430213513_02b5542890_n.jpg',0,0),(1032,70,16,'http://farm8.staticflickr.com/7173/6430214673_6a80d19700_b.jpg','test','test',1370572630,'http://farm8.staticflickr.com/7173/6430214673_6a80d19700_m.jpg',0,0),(1033,71,29,'http://farm8.staticflickr.com/7161/6430213513_02b5542890_b.jpg','test','test',1370572630,'http://farm8.staticflickr.com/7161/6430213513_02b5542890_n.jpg',0,0),(1034,71,29,'http://farm8.staticflickr.com/7161/6430213513_02b5542890_b.jpg','test','test',1370572630,'http://farm8.staticflickr.com/7161/6430213513_02b5542890_n.jpg',0,0),(1035,71,29,'http://farm9.staticflickr.com/8450/8014700704_c1ac5e6e9b_z.jpg','test','test',1370572630,'http://farm9.staticflickr.com/8450/8014700704_c1ac5e6e9b_m.jpg',0,0),(1036,71,29,'http://farm5.staticflickr.com/4135/4852548105_f47030ce09_o.jpg','test','test',1370572630,'http://farm5.staticflickr.com/4135/4852548105_041d544a61_n.jpg',0,0),(1037,71,29,'http://farm8.staticflickr.com/7161/6430213513_02b5542890_b.jpg','test','test',1370572630,'http://farm8.staticflickr.com/7161/6430213513_02b5542890_n.jpg',0,0),(1038,71,29,'http://farm4.staticflickr.com/3413/3544044637_208058c8b4_o.jpg','test','test',1370572630,'http://farm4.staticflickr.com/3413/3544044637_9a9a491978_m.jpg',0,0),(1039,71,29,'http://farm9.staticflickr.com/8450/8014700704_c1ac5e6e9b_z.jpg','test','test',1370572630,'http://farm9.staticflickr.com/8450/8014700704_c1ac5e6e9b_m.jpg',0,0),(1040,71,5,'http://farm8.staticflickr.com/7173/6430214673_6a80d19700_b.jpg','test','test',1370572630,'http://farm8.staticflickr.com/7173/6430214673_6a80d19700_m.jpg',0,0),(1041,71,5,'http://farm9.staticflickr.com/8450/8014700704_c1ac5e6e9b_z.jpg','test','test',1370572630,'http://farm9.staticflickr.com/8450/8014700704_c1ac5e6e9b_m.jpg',0,0),(1042,71,5,'http://farm4.staticflickr.com/3413/3544044637_208058c8b4_o.jpg','test','test',1370572630,'http://farm4.staticflickr.com/3413/3544044637_9a9a491978_m.jpg',0,0),(1043,71,5,'http://farm8.staticflickr.com/7173/6430214673_6a80d19700_b.jpg','test','test',1370572630,'http://farm8.staticflickr.com/7173/6430214673_6a80d19700_m.jpg',0,0),(1044,71,5,'http://farm4.staticflickr.com/3413/3544044637_208058c8b4_o.jpg','test','test',1370572630,'http://farm4.staticflickr.com/3413/3544044637_9a9a491978_m.jpg',0,0),(1045,71,5,'http://farm4.staticflickr.com/3413/3544044637_208058c8b4_o.jpg','test','test',1370572630,'http://farm4.staticflickr.com/3413/3544044637_9a9a491978_m.jpg',0,0),(1046,71,5,'http://farm8.staticflickr.com/7173/6430214673_6a80d19700_b.jpg','test','test',1370572630,'http://farm8.staticflickr.com/7173/6430214673_6a80d19700_m.jpg',0,0),(1047,72,30,'http://farm4.staticflickr.com/3413/3544044637_208058c8b4_o.jpg','test','test',1370572630,'http://farm4.staticflickr.com/3413/3544044637_9a9a491978_m.jpg',0,0),(1048,72,30,'http://farm4.staticflickr.com/3413/3544044637_208058c8b4_o.jpg','test','test',1370572630,'http://farm4.staticflickr.com/3413/3544044637_9a9a491978_m.jpg',0,0),(1049,72,30,'http://farm5.staticflickr.com/4135/4852548105_f47030ce09_o.jpg','test','test',1370572630,'http://farm5.staticflickr.com/4135/4852548105_041d544a61_n.jpg',0,0),(1050,72,30,'http://farm8.staticflickr.com/7173/6430214673_6a80d19700_b.jpg','test','test',1370572630,'http://farm8.staticflickr.com/7173/6430214673_6a80d19700_m.jpg',0,0),(1051,72,30,'http://farm4.staticflickr.com/3413/3544044637_208058c8b4_o.jpg','test','test',1370572630,'http://farm4.staticflickr.com/3413/3544044637_9a9a491978_m.jpg',0,0),(1052,72,30,'http://farm5.staticflickr.com/4135/4852548105_f47030ce09_o.jpg','test','test',1370572630,'http://farm5.staticflickr.com/4135/4852548105_041d544a61_n.jpg',0,0),(1053,72,30,'http://farm5.staticflickr.com/4135/4852548105_f47030ce09_o.jpg','test','test',1370572630,'http://farm5.staticflickr.com/4135/4852548105_041d544a61_n.jpg',0,0),(1054,72,35,'http://farm9.staticflickr.com/8450/8014700704_c1ac5e6e9b_z.jpg','test','test',1370572630,'http://farm9.staticflickr.com/8450/8014700704_c1ac5e6e9b_m.jpg',0,0),(1055,72,35,'http://farm8.staticflickr.com/7173/6430214673_6a80d19700_b.jpg','test','test',1370572630,'http://farm8.staticflickr.com/7173/6430214673_6a80d19700_m.jpg',0,0),(1056,72,35,'http://farm8.staticflickr.com/7173/6430214673_6a80d19700_b.jpg','test','test',1370572630,'http://farm8.staticflickr.com/7173/6430214673_6a80d19700_m.jpg',0,0),(1057,72,35,'http://farm9.staticflickr.com/8450/8014700704_c1ac5e6e9b_z.jpg','test','test',1370572630,'http://farm9.staticflickr.com/8450/8014700704_c1ac5e6e9b_m.jpg',0,0),(1058,72,35,'http://farm5.staticflickr.com/4135/4852548105_f47030ce09_o.jpg','test','test',1370572630,'http://farm5.staticflickr.com/4135/4852548105_041d544a61_n.jpg',0,0),(1059,72,35,'http://farm8.staticflickr.com/7161/6430213513_02b5542890_b.jpg','test','test',1370572630,'http://farm8.staticflickr.com/7161/6430213513_02b5542890_n.jpg',0,0),(1060,72,35,'http://farm4.staticflickr.com/3413/3544044637_208058c8b4_o.jpg','test','test',1370572630,'http://farm4.staticflickr.com/3413/3544044637_9a9a491978_m.jpg',0,0),(1061,73,11,'http://farm4.staticflickr.com/3413/3544044637_208058c8b4_o.jpg','test','test',1370572630,'http://farm4.staticflickr.com/3413/3544044637_9a9a491978_m.jpg',0,0),(1062,73,11,'http://farm9.staticflickr.com/8450/8014700704_c1ac5e6e9b_z.jpg','test','test',1370572630,'http://farm9.staticflickr.com/8450/8014700704_c1ac5e6e9b_m.jpg',0,0),(1063,73,11,'http://farm9.staticflickr.com/8450/8014700704_c1ac5e6e9b_z.jpg','test','test',1370572630,'http://farm9.staticflickr.com/8450/8014700704_c1ac5e6e9b_m.jpg',0,0),(1064,73,11,'http://farm8.staticflickr.com/7161/6430213513_02b5542890_b.jpg','test','test',1370572630,'http://farm8.staticflickr.com/7161/6430213513_02b5542890_n.jpg',0,0),(1065,73,11,'http://farm4.staticflickr.com/3413/3544044637_208058c8b4_o.jpg','test','test',1370572630,'http://farm4.staticflickr.com/3413/3544044637_9a9a491978_m.jpg',0,0),(1066,73,11,'http://farm9.staticflickr.com/8450/8014700704_c1ac5e6e9b_z.jpg','test','test',1370572630,'http://farm9.staticflickr.com/8450/8014700704_c1ac5e6e9b_m.jpg',0,0),(1067,73,11,'http://farm8.staticflickr.com/7161/6430213513_02b5542890_b.jpg','test','test',1370572630,'http://farm8.staticflickr.com/7161/6430213513_02b5542890_n.jpg',0,0),(1068,74,2,'http://farm8.staticflickr.com/7161/6430213513_02b5542890_b.jpg','test','test',1370572630,'http://farm8.staticflickr.com/7161/6430213513_02b5542890_n.jpg',0,0),(1069,74,2,'http://farm8.staticflickr.com/7161/6430213513_02b5542890_b.jpg','test','test',1370572630,'http://farm8.staticflickr.com/7161/6430213513_02b5542890_n.jpg',0,0),(1070,74,2,'http://farm8.staticflickr.com/7161/6430213513_02b5542890_b.jpg','test','test',1370572630,'http://farm8.staticflickr.com/7161/6430213513_02b5542890_n.jpg',0,0),(1071,74,2,'http://farm5.staticflickr.com/4135/4852548105_f47030ce09_o.jpg','test','test',1370572630,'http://farm5.staticflickr.com/4135/4852548105_041d544a61_n.jpg',0,0),(1072,74,2,'http://farm8.staticflickr.com/7173/6430214673_6a80d19700_b.jpg','test','test',1370572630,'http://farm8.staticflickr.com/7173/6430214673_6a80d19700_m.jpg',0,0),(1073,74,2,'http://farm5.staticflickr.com/4135/4852548105_f47030ce09_o.jpg','test','test',1370572630,'http://farm5.staticflickr.com/4135/4852548105_041d544a61_n.jpg',0,0),(1074,74,2,'http://farm4.staticflickr.com/3413/3544044637_208058c8b4_o.jpg','test','test',1370572630,'http://farm4.staticflickr.com/3413/3544044637_9a9a491978_m.jpg',0,0),(1075,74,16,'http://farm4.staticflickr.com/3413/3544044637_208058c8b4_o.jpg','test','test',1370572630,'http://farm4.staticflickr.com/3413/3544044637_9a9a491978_m.jpg',0,0),(1076,74,16,'http://farm4.staticflickr.com/3413/3544044637_208058c8b4_o.jpg','test','test',1370572630,'http://farm4.staticflickr.com/3413/3544044637_9a9a491978_m.jpg',0,0),(1077,74,16,'http://farm8.staticflickr.com/7173/6430214673_6a80d19700_b.jpg','test','test',1370572630,'http://farm8.staticflickr.com/7173/6430214673_6a80d19700_m.jpg',0,0),(1078,74,16,'http://farm8.staticflickr.com/7161/6430213513_02b5542890_b.jpg','test','test',1370572630,'http://farm8.staticflickr.com/7161/6430213513_02b5542890_n.jpg',0,0),(1079,74,16,'http://farm4.staticflickr.com/3413/3544044637_208058c8b4_o.jpg','test','test',1370572630,'http://farm4.staticflickr.com/3413/3544044637_9a9a491978_m.jpg',0,0),(1080,74,16,'http://farm5.staticflickr.com/4135/4852548105_f47030ce09_o.jpg','test','test',1370572630,'http://farm5.staticflickr.com/4135/4852548105_041d544a61_n.jpg',0,0),(1081,74,16,'http://farm4.staticflickr.com/3413/3544044637_208058c8b4_o.jpg','test','test',1370572630,'http://farm4.staticflickr.com/3413/3544044637_9a9a491978_m.jpg',0,0),(1082,75,1,'http://farm8.staticflickr.com/7173/6430214673_6a80d19700_b.jpg','test','test',1370572630,'http://farm8.staticflickr.com/7173/6430214673_6a80d19700_m.jpg',0,0),(1083,75,1,'http://farm8.staticflickr.com/7173/6430214673_6a80d19700_b.jpg','test','test',1370572630,'http://farm8.staticflickr.com/7173/6430214673_6a80d19700_m.jpg',0,0),(1084,75,1,'http://farm5.staticflickr.com/4135/4852548105_f47030ce09_o.jpg','test','test',1370572630,'http://farm5.staticflickr.com/4135/4852548105_041d544a61_n.jpg',0,0),(1085,75,1,'http://farm5.staticflickr.com/4135/4852548105_f47030ce09_o.jpg','test','test',1370572630,'http://farm5.staticflickr.com/4135/4852548105_041d544a61_n.jpg',0,0),(1086,75,1,'http://farm8.staticflickr.com/7173/6430214673_6a80d19700_b.jpg','test','test',1370572630,'http://farm8.staticflickr.com/7173/6430214673_6a80d19700_m.jpg',0,0),(1087,75,1,'http://farm5.staticflickr.com/4135/4852548105_f47030ce09_o.jpg','test','test',1370572630,'http://farm5.staticflickr.com/4135/4852548105_041d544a61_n.jpg',0,0),(1088,75,1,'http://farm8.staticflickr.com/7161/6430213513_02b5542890_b.jpg','test','test',1370572630,'http://farm8.staticflickr.com/7161/6430213513_02b5542890_n.jpg',0,0),(1089,75,17,'http://farm4.staticflickr.com/3413/3544044637_208058c8b4_o.jpg','test','test',1370572630,'http://farm4.staticflickr.com/3413/3544044637_9a9a491978_m.jpg',0,0),(1090,75,17,'http://farm8.staticflickr.com/7161/6430213513_02b5542890_b.jpg','test','test',1370572630,'http://farm8.staticflickr.com/7161/6430213513_02b5542890_n.jpg',0,0),(1091,75,17,'http://farm8.staticflickr.com/7173/6430214673_6a80d19700_b.jpg','test','test',1370572630,'http://farm8.staticflickr.com/7173/6430214673_6a80d19700_m.jpg',0,0),(1092,75,17,'http://farm5.staticflickr.com/4135/4852548105_f47030ce09_o.jpg','test','test',1370572630,'http://farm5.staticflickr.com/4135/4852548105_041d544a61_n.jpg',0,0),(1093,75,17,'http://farm8.staticflickr.com/7161/6430213513_02b5542890_b.jpg','test','test',1370572630,'http://farm8.staticflickr.com/7161/6430213513_02b5542890_n.jpg',0,0),(1094,75,17,'http://farm4.staticflickr.com/3413/3544044637_208058c8b4_o.jpg','test','test',1370572630,'http://farm4.staticflickr.com/3413/3544044637_9a9a491978_m.jpg',0,0),(1095,75,17,'http://farm5.staticflickr.com/4135/4852548105_f47030ce09_o.jpg','test','test',1370572630,'http://farm5.staticflickr.com/4135/4852548105_041d544a61_n.jpg',0,0),(1096,76,38,'http://farm8.staticflickr.com/7161/6430213513_02b5542890_b.jpg','test','test',1370572630,'http://farm8.staticflickr.com/7161/6430213513_02b5542890_n.jpg',0,0),(1097,76,38,'http://farm9.staticflickr.com/8450/8014700704_c1ac5e6e9b_z.jpg','test','test',1370572630,'http://farm9.staticflickr.com/8450/8014700704_c1ac5e6e9b_m.jpg',0,0),(1098,76,38,'http://farm5.staticflickr.com/4135/4852548105_f47030ce09_o.jpg','test','test',1370572630,'http://farm5.staticflickr.com/4135/4852548105_041d544a61_n.jpg',0,0),(1099,76,38,'http://farm5.staticflickr.com/4135/4852548105_f47030ce09_o.jpg','test','test',1370572630,'http://farm5.staticflickr.com/4135/4852548105_041d544a61_n.jpg',0,0),(1100,76,38,'http://farm4.staticflickr.com/3413/3544044637_208058c8b4_o.jpg','test','test',1370572630,'http://farm4.staticflickr.com/3413/3544044637_9a9a491978_m.jpg',0,0),(1101,76,38,'http://farm8.staticflickr.com/7161/6430213513_02b5542890_b.jpg','test','test',1370572630,'http://farm8.staticflickr.com/7161/6430213513_02b5542890_n.jpg',0,0),(1102,76,38,'http://farm9.staticflickr.com/8450/8014700704_c1ac5e6e9b_z.jpg','test','test',1370572630,'http://farm9.staticflickr.com/8450/8014700704_c1ac5e6e9b_m.jpg',0,0),(1103,76,28,'http://farm8.staticflickr.com/7161/6430213513_02b5542890_b.jpg','test','test',1370572630,'http://farm8.staticflickr.com/7161/6430213513_02b5542890_n.jpg',0,0),(1104,76,28,'http://farm8.staticflickr.com/7173/6430214673_6a80d19700_b.jpg','test','test',1370572630,'http://farm8.staticflickr.com/7173/6430214673_6a80d19700_m.jpg',0,0),(1105,76,28,'http://farm8.staticflickr.com/7173/6430214673_6a80d19700_b.jpg','test','test',1370572630,'http://farm8.staticflickr.com/7173/6430214673_6a80d19700_m.jpg',0,0),(1106,76,28,'http://farm8.staticflickr.com/7173/6430214673_6a80d19700_b.jpg','test','test',1370572630,'http://farm8.staticflickr.com/7173/6430214673_6a80d19700_m.jpg',0,0),(1107,76,28,'http://farm9.staticflickr.com/8450/8014700704_c1ac5e6e9b_z.jpg','test','test',1370572630,'http://farm9.staticflickr.com/8450/8014700704_c1ac5e6e9b_m.jpg',0,0),(1108,76,28,'http://farm9.staticflickr.com/8450/8014700704_c1ac5e6e9b_z.jpg','test','test',1370572630,'http://farm9.staticflickr.com/8450/8014700704_c1ac5e6e9b_m.jpg',0,0),(1109,76,28,'http://farm8.staticflickr.com/7173/6430214673_6a80d19700_b.jpg','test','test',1370572630,'http://farm8.staticflickr.com/7173/6430214673_6a80d19700_m.jpg',0,0),(1110,77,13,'http://farm8.staticflickr.com/7161/6430213513_02b5542890_b.jpg','test','test',1370572630,'http://farm8.staticflickr.com/7161/6430213513_02b5542890_n.jpg',0,0),(1111,77,13,'http://farm9.staticflickr.com/8450/8014700704_c1ac5e6e9b_z.jpg','test','test',1370572630,'http://farm9.staticflickr.com/8450/8014700704_c1ac5e6e9b_m.jpg',0,0),(1112,77,13,'http://farm4.staticflickr.com/3413/3544044637_208058c8b4_o.jpg','test','test',1370572630,'http://farm4.staticflickr.com/3413/3544044637_9a9a491978_m.jpg',0,0),(1113,77,13,'http://farm5.staticflickr.com/4135/4852548105_f47030ce09_o.jpg','test','test',1370572630,'http://farm5.staticflickr.com/4135/4852548105_041d544a61_n.jpg',0,0),(1114,77,13,'http://farm5.staticflickr.com/4135/4852548105_f47030ce09_o.jpg','test','test',1370572630,'http://farm5.staticflickr.com/4135/4852548105_041d544a61_n.jpg',0,0),(1115,77,13,'http://farm8.staticflickr.com/7161/6430213513_02b5542890_b.jpg','test','test',1370572630,'http://farm8.staticflickr.com/7161/6430213513_02b5542890_n.jpg',0,0),(1116,77,13,'http://farm9.staticflickr.com/8450/8014700704_c1ac5e6e9b_z.jpg','test','test',1370572630,'http://farm9.staticflickr.com/8450/8014700704_c1ac5e6e9b_m.jpg',0,0),(1117,77,28,'http://farm4.staticflickr.com/3413/3544044637_208058c8b4_o.jpg','test','test',1370572630,'http://farm4.staticflickr.com/3413/3544044637_9a9a491978_m.jpg',0,0),(1118,77,28,'http://farm8.staticflickr.com/7161/6430213513_02b5542890_b.jpg','test','test',1370572630,'http://farm8.staticflickr.com/7161/6430213513_02b5542890_n.jpg',0,0),(1119,77,28,'http://farm8.staticflickr.com/7173/6430214673_6a80d19700_b.jpg','test','test',1370572630,'http://farm8.staticflickr.com/7173/6430214673_6a80d19700_m.jpg',0,0),(1120,77,28,'http://farm8.staticflickr.com/7161/6430213513_02b5542890_b.jpg','test','test',1370572630,'http://farm8.staticflickr.com/7161/6430213513_02b5542890_n.jpg',0,0),(1121,77,28,'http://farm8.staticflickr.com/7173/6430214673_6a80d19700_b.jpg','test','test',1370572630,'http://farm8.staticflickr.com/7173/6430214673_6a80d19700_m.jpg',0,0),(1122,77,28,'http://farm9.staticflickr.com/8450/8014700704_c1ac5e6e9b_z.jpg','test','test',1370572630,'http://farm9.staticflickr.com/8450/8014700704_c1ac5e6e9b_m.jpg',0,0),(1123,77,28,'http://farm8.staticflickr.com/7173/6430214673_6a80d19700_b.jpg','test','test',1370572630,'http://farm8.staticflickr.com/7173/6430214673_6a80d19700_m.jpg',0,0),(1124,78,32,'http://farm9.staticflickr.com/8450/8014700704_c1ac5e6e9b_z.jpg','test','test',1370572630,'http://farm9.staticflickr.com/8450/8014700704_c1ac5e6e9b_m.jpg',0,0),(1125,78,32,'http://farm9.staticflickr.com/8450/8014700704_c1ac5e6e9b_z.jpg','test','test',1370572630,'http://farm9.staticflickr.com/8450/8014700704_c1ac5e6e9b_m.jpg',0,0),(1126,78,32,'http://farm8.staticflickr.com/7161/6430213513_02b5542890_b.jpg','test','test',1370572630,'http://farm8.staticflickr.com/7161/6430213513_02b5542890_n.jpg',0,0),(1127,78,32,'http://farm9.staticflickr.com/8450/8014700704_c1ac5e6e9b_z.jpg','test','test',1370572630,'http://farm9.staticflickr.com/8450/8014700704_c1ac5e6e9b_m.jpg',0,0),(1128,78,32,'http://farm5.staticflickr.com/4135/4852548105_f47030ce09_o.jpg','test','test',1370572630,'http://farm5.staticflickr.com/4135/4852548105_041d544a61_n.jpg',0,0),(1129,78,32,'http://farm8.staticflickr.com/7161/6430213513_02b5542890_b.jpg','test','test',1370572630,'http://farm8.staticflickr.com/7161/6430213513_02b5542890_n.jpg',0,0),(1130,78,32,'http://farm5.staticflickr.com/4135/4852548105_f47030ce09_o.jpg','test','test',1370572630,'http://farm5.staticflickr.com/4135/4852548105_041d544a61_n.jpg',0,0),(1131,78,8,'http://farm4.staticflickr.com/3413/3544044637_208058c8b4_o.jpg','test','test',1370572630,'http://farm4.staticflickr.com/3413/3544044637_9a9a491978_m.jpg',0,0),(1132,78,8,'http://farm4.staticflickr.com/3413/3544044637_208058c8b4_o.jpg','test','test',1370572630,'http://farm4.staticflickr.com/3413/3544044637_9a9a491978_m.jpg',0,0),(1133,78,8,'http://farm8.staticflickr.com/7161/6430213513_02b5542890_b.jpg','test','test',1370572630,'http://farm8.staticflickr.com/7161/6430213513_02b5542890_n.jpg',0,0),(1134,78,8,'http://farm9.staticflickr.com/8450/8014700704_c1ac5e6e9b_z.jpg','test','test',1370572630,'http://farm9.staticflickr.com/8450/8014700704_c1ac5e6e9b_m.jpg',0,0),(1135,78,8,'http://farm9.staticflickr.com/8450/8014700704_c1ac5e6e9b_z.jpg','test','test',1370572630,'http://farm9.staticflickr.com/8450/8014700704_c1ac5e6e9b_m.jpg',0,0),(1136,78,8,'http://farm4.staticflickr.com/3413/3544044637_208058c8b4_o.jpg','test','test',1370572630,'http://farm4.staticflickr.com/3413/3544044637_9a9a491978_m.jpg',0,0),(1137,78,8,'http://farm8.staticflickr.com/7173/6430214673_6a80d19700_b.jpg','test','test',1370572630,'http://farm8.staticflickr.com/7173/6430214673_6a80d19700_m.jpg',0,0),(1138,79,28,'http://farm4.staticflickr.com/3413/3544044637_208058c8b4_o.jpg','test','test',1370572630,'http://farm4.staticflickr.com/3413/3544044637_9a9a491978_m.jpg',0,0),(1139,79,28,'http://farm8.staticflickr.com/7173/6430214673_6a80d19700_b.jpg','test','test',1370572630,'http://farm8.staticflickr.com/7173/6430214673_6a80d19700_m.jpg',0,0),(1140,79,28,'http://farm8.staticflickr.com/7161/6430213513_02b5542890_b.jpg','test','test',1370572630,'http://farm8.staticflickr.com/7161/6430213513_02b5542890_n.jpg',0,0),(1141,79,28,'http://farm5.staticflickr.com/4135/4852548105_f47030ce09_o.jpg','test','test',1370572630,'http://farm5.staticflickr.com/4135/4852548105_041d544a61_n.jpg',0,0),(1142,79,28,'http://farm5.staticflickr.com/4135/4852548105_f47030ce09_o.jpg','test','test',1370572630,'http://farm5.staticflickr.com/4135/4852548105_041d544a61_n.jpg',0,0),(1143,79,28,'http://farm8.staticflickr.com/7161/6430213513_02b5542890_b.jpg','test','test',1370572630,'http://farm8.staticflickr.com/7161/6430213513_02b5542890_n.jpg',0,0),(1144,79,28,'http://farm8.staticflickr.com/7173/6430214673_6a80d19700_b.jpg','test','test',1370572630,'http://farm8.staticflickr.com/7173/6430214673_6a80d19700_m.jpg',0,0),(1145,79,26,'http://farm9.staticflickr.com/8450/8014700704_c1ac5e6e9b_z.jpg','test','test',1370572630,'http://farm9.staticflickr.com/8450/8014700704_c1ac5e6e9b_m.jpg',0,0),(1146,79,26,'http://farm5.staticflickr.com/4135/4852548105_f47030ce09_o.jpg','test','test',1370572630,'http://farm5.staticflickr.com/4135/4852548105_041d544a61_n.jpg',0,0),(1147,79,26,'http://farm9.staticflickr.com/8450/8014700704_c1ac5e6e9b_z.jpg','test','test',1370572630,'http://farm9.staticflickr.com/8450/8014700704_c1ac5e6e9b_m.jpg',0,0),(1148,79,26,'http://farm8.staticflickr.com/7161/6430213513_02b5542890_b.jpg','test','test',1370572630,'http://farm8.staticflickr.com/7161/6430213513_02b5542890_n.jpg',0,0),(1149,79,26,'http://farm5.staticflickr.com/4135/4852548105_f47030ce09_o.jpg','test','test',1370572630,'http://farm5.staticflickr.com/4135/4852548105_041d544a61_n.jpg',0,0),(1150,79,26,'http://farm8.staticflickr.com/7161/6430213513_02b5542890_b.jpg','test','test',1370572630,'http://farm8.staticflickr.com/7161/6430213513_02b5542890_n.jpg',0,0),(1151,79,26,'http://farm8.staticflickr.com/7173/6430214673_6a80d19700_b.jpg','test','test',1370572630,'http://farm8.staticflickr.com/7173/6430214673_6a80d19700_m.jpg',0,0),(1152,80,36,'http://farm8.staticflickr.com/7161/6430213513_02b5542890_b.jpg','test','test',1370572630,'http://farm8.staticflickr.com/7161/6430213513_02b5542890_n.jpg',0,0),(1153,80,36,'http://farm5.staticflickr.com/4135/4852548105_f47030ce09_o.jpg','test','test',1370572630,'http://farm5.staticflickr.com/4135/4852548105_041d544a61_n.jpg',0,0),(1154,80,36,'http://farm4.staticflickr.com/3413/3544044637_208058c8b4_o.jpg','test','test',1370572630,'http://farm4.staticflickr.com/3413/3544044637_9a9a491978_m.jpg',0,0),(1155,80,36,'http://farm8.staticflickr.com/7173/6430214673_6a80d19700_b.jpg','test','test',1370572630,'http://farm8.staticflickr.com/7173/6430214673_6a80d19700_m.jpg',0,0),(1156,80,36,'http://farm8.staticflickr.com/7173/6430214673_6a80d19700_b.jpg','test','test',1370572630,'http://farm8.staticflickr.com/7173/6430214673_6a80d19700_m.jpg',0,0),(1157,80,36,'http://farm5.staticflickr.com/4135/4852548105_f47030ce09_o.jpg','test','test',1370572630,'http://farm5.staticflickr.com/4135/4852548105_041d544a61_n.jpg',0,0),(1158,80,36,'http://farm8.staticflickr.com/7161/6430213513_02b5542890_b.jpg','test','test',1370572630,'http://farm8.staticflickr.com/7161/6430213513_02b5542890_n.jpg',0,0),(1159,80,9,'http://farm5.staticflickr.com/4135/4852548105_f47030ce09_o.jpg','test','test',1370572630,'http://farm5.staticflickr.com/4135/4852548105_041d544a61_n.jpg',0,0),(1160,80,9,'http://farm4.staticflickr.com/3413/3544044637_208058c8b4_o.jpg','test','test',1370572630,'http://farm4.staticflickr.com/3413/3544044637_9a9a491978_m.jpg',0,0),(1161,80,9,'http://farm8.staticflickr.com/7173/6430214673_6a80d19700_b.jpg','test','test',1370572630,'http://farm8.staticflickr.com/7173/6430214673_6a80d19700_m.jpg',0,0),(1162,80,9,'http://farm5.staticflickr.com/4135/4852548105_f47030ce09_o.jpg','test','test',1370572630,'http://farm5.staticflickr.com/4135/4852548105_041d544a61_n.jpg',0,0),(1163,80,9,'http://farm4.staticflickr.com/3413/3544044637_208058c8b4_o.jpg','test','test',1370572630,'http://farm4.staticflickr.com/3413/3544044637_9a9a491978_m.jpg',0,0),(1164,80,9,'http://farm8.staticflickr.com/7161/6430213513_02b5542890_b.jpg','test','test',1370572630,'http://farm8.staticflickr.com/7161/6430213513_02b5542890_n.jpg',0,0),(1165,80,9,'http://farm8.staticflickr.com/7161/6430213513_02b5542890_b.jpg','test','test',1370572630,'http://farm8.staticflickr.com/7161/6430213513_02b5542890_n.jpg',0,0),(1166,81,29,'http://farm4.staticflickr.com/3413/3544044637_208058c8b4_o.jpg','test','test',1370572630,'http://farm4.staticflickr.com/3413/3544044637_9a9a491978_m.jpg',0,0),(1167,81,29,'http://farm4.staticflickr.com/3413/3544044637_208058c8b4_o.jpg','test','test',1370572630,'http://farm4.staticflickr.com/3413/3544044637_9a9a491978_m.jpg',0,0),(1168,81,29,'http://farm8.staticflickr.com/7173/6430214673_6a80d19700_b.jpg','test','test',1370572630,'http://farm8.staticflickr.com/7173/6430214673_6a80d19700_m.jpg',0,0),(1169,81,29,'http://farm8.staticflickr.com/7161/6430213513_02b5542890_b.jpg','test','test',1370572630,'http://farm8.staticflickr.com/7161/6430213513_02b5542890_n.jpg',0,0),(1170,81,29,'http://farm8.staticflickr.com/7161/6430213513_02b5542890_b.jpg','test','test',1370572630,'http://farm8.staticflickr.com/7161/6430213513_02b5542890_n.jpg',0,0),(1171,81,29,'http://farm5.staticflickr.com/4135/4852548105_f47030ce09_o.jpg','test','test',1370572630,'http://farm5.staticflickr.com/4135/4852548105_041d544a61_n.jpg',0,0),(1172,81,29,'http://farm9.staticflickr.com/8450/8014700704_c1ac5e6e9b_z.jpg','test','test',1370572630,'http://farm9.staticflickr.com/8450/8014700704_c1ac5e6e9b_m.jpg',0,0),(1173,81,21,'http://farm8.staticflickr.com/7173/6430214673_6a80d19700_b.jpg','test','test',1370572630,'http://farm8.staticflickr.com/7173/6430214673_6a80d19700_m.jpg',0,0),(1174,81,21,'http://farm8.staticflickr.com/7173/6430214673_6a80d19700_b.jpg','test','test',1370572630,'http://farm8.staticflickr.com/7173/6430214673_6a80d19700_m.jpg',0,0),(1175,81,21,'http://farm4.staticflickr.com/3413/3544044637_208058c8b4_o.jpg','test','test',1370572630,'http://farm4.staticflickr.com/3413/3544044637_9a9a491978_m.jpg',0,0),(1176,81,21,'http://farm9.staticflickr.com/8450/8014700704_c1ac5e6e9b_z.jpg','test','test',1370572630,'http://farm9.staticflickr.com/8450/8014700704_c1ac5e6e9b_m.jpg',0,0),(1177,81,21,'http://farm5.staticflickr.com/4135/4852548105_f47030ce09_o.jpg','test','test',1370572630,'http://farm5.staticflickr.com/4135/4852548105_041d544a61_n.jpg',0,0),(1178,81,21,'http://farm9.staticflickr.com/8450/8014700704_c1ac5e6e9b_z.jpg','test','test',1370572630,'http://farm9.staticflickr.com/8450/8014700704_c1ac5e6e9b_m.jpg',0,0),(1179,81,21,'http://farm4.staticflickr.com/3413/3544044637_208058c8b4_o.jpg','test','test',1370572630,'http://farm4.staticflickr.com/3413/3544044637_9a9a491978_m.jpg',0,0),(1180,82,12,'http://farm4.staticflickr.com/3413/3544044637_208058c8b4_o.jpg','test','test',1370572630,'http://farm4.staticflickr.com/3413/3544044637_9a9a491978_m.jpg',0,0),(1181,82,12,'http://farm4.staticflickr.com/3413/3544044637_208058c8b4_o.jpg','test','test',1370572630,'http://farm4.staticflickr.com/3413/3544044637_9a9a491978_m.jpg',0,0),(1182,82,12,'http://farm8.staticflickr.com/7161/6430213513_02b5542890_b.jpg','test','test',1370572630,'http://farm8.staticflickr.com/7161/6430213513_02b5542890_n.jpg',0,0),(1183,82,12,'http://farm9.staticflickr.com/8450/8014700704_c1ac5e6e9b_z.jpg','test','test',1370572630,'http://farm9.staticflickr.com/8450/8014700704_c1ac5e6e9b_m.jpg',0,0),(1184,82,12,'http://farm8.staticflickr.com/7161/6430213513_02b5542890_b.jpg','test','test',1370572630,'http://farm8.staticflickr.com/7161/6430213513_02b5542890_n.jpg',0,0),(1185,82,12,'http://farm4.staticflickr.com/3413/3544044637_208058c8b4_o.jpg','test','test',1370572630,'http://farm4.staticflickr.com/3413/3544044637_9a9a491978_m.jpg',0,0),(1186,82,12,'http://farm8.staticflickr.com/7173/6430214673_6a80d19700_b.jpg','test','test',1370572630,'http://farm8.staticflickr.com/7173/6430214673_6a80d19700_m.jpg',0,0),(1187,82,6,'http://farm4.staticflickr.com/3413/3544044637_208058c8b4_o.jpg','test','test',1370572630,'http://farm4.staticflickr.com/3413/3544044637_9a9a491978_m.jpg',0,0),(1188,82,6,'http://farm5.staticflickr.com/4135/4852548105_f47030ce09_o.jpg','test','test',1370572630,'http://farm5.staticflickr.com/4135/4852548105_041d544a61_n.jpg',0,0),(1189,82,6,'http://farm4.staticflickr.com/3413/3544044637_208058c8b4_o.jpg','test','test',1370572630,'http://farm4.staticflickr.com/3413/3544044637_9a9a491978_m.jpg',0,0),(1190,82,6,'http://farm5.staticflickr.com/4135/4852548105_f47030ce09_o.jpg','test','test',1370572630,'http://farm5.staticflickr.com/4135/4852548105_041d544a61_n.jpg',0,0),(1191,82,6,'http://farm9.staticflickr.com/8450/8014700704_c1ac5e6e9b_z.jpg','test','test',1370572630,'http://farm9.staticflickr.com/8450/8014700704_c1ac5e6e9b_m.jpg',0,0),(1192,82,6,'http://farm8.staticflickr.com/7161/6430213513_02b5542890_b.jpg','test','test',1370572630,'http://farm8.staticflickr.com/7161/6430213513_02b5542890_n.jpg',0,0),(1193,82,6,'http://farm8.staticflickr.com/7161/6430213513_02b5542890_b.jpg','test','test',1370572630,'http://farm8.staticflickr.com/7161/6430213513_02b5542890_n.jpg',0,0),(1194,83,1,'http://farm8.staticflickr.com/7173/6430214673_6a80d19700_b.jpg','test','test',1370572630,'http://farm8.staticflickr.com/7173/6430214673_6a80d19700_m.jpg',0,0),(1195,83,1,'http://farm4.staticflickr.com/3413/3544044637_208058c8b4_o.jpg','test','test',1370572630,'http://farm4.staticflickr.com/3413/3544044637_9a9a491978_m.jpg',0,0),(1196,83,1,'http://farm8.staticflickr.com/7161/6430213513_02b5542890_b.jpg','test','test',1370572630,'http://farm8.staticflickr.com/7161/6430213513_02b5542890_n.jpg',0,0),(1197,83,1,'http://farm5.staticflickr.com/4135/4852548105_f47030ce09_o.jpg','test','test',1370572630,'http://farm5.staticflickr.com/4135/4852548105_041d544a61_n.jpg',0,0),(1198,83,1,'http://farm8.staticflickr.com/7161/6430213513_02b5542890_b.jpg','test','test',1370572630,'http://farm8.staticflickr.com/7161/6430213513_02b5542890_n.jpg',0,0),(1199,83,1,'http://farm5.staticflickr.com/4135/4852548105_f47030ce09_o.jpg','test','test',1370572630,'http://farm5.staticflickr.com/4135/4852548105_041d544a61_n.jpg',0,0),(1200,83,1,'http://farm8.staticflickr.com/7173/6430214673_6a80d19700_b.jpg','test','test',1370572630,'http://farm8.staticflickr.com/7173/6430214673_6a80d19700_m.jpg',0,0),(1201,83,34,'http://farm4.staticflickr.com/3413/3544044637_208058c8b4_o.jpg','test','test',1370572630,'http://farm4.staticflickr.com/3413/3544044637_9a9a491978_m.jpg',0,0),(1202,83,34,'http://farm9.staticflickr.com/8450/8014700704_c1ac5e6e9b_z.jpg','test','test',1370572630,'http://farm9.staticflickr.com/8450/8014700704_c1ac5e6e9b_m.jpg',0,0),(1203,83,34,'http://farm4.staticflickr.com/3413/3544044637_208058c8b4_o.jpg','test','test',1370572630,'http://farm4.staticflickr.com/3413/3544044637_9a9a491978_m.jpg',0,0),(1204,83,34,'http://farm5.staticflickr.com/4135/4852548105_f47030ce09_o.jpg','test','test',1370572630,'http://farm5.staticflickr.com/4135/4852548105_041d544a61_n.jpg',0,0),(1205,83,34,'http://farm8.staticflickr.com/7173/6430214673_6a80d19700_b.jpg','test','test',1370572630,'http://farm8.staticflickr.com/7173/6430214673_6a80d19700_m.jpg',0,0),(1206,83,34,'http://farm5.staticflickr.com/4135/4852548105_f47030ce09_o.jpg','test','test',1370572630,'http://farm5.staticflickr.com/4135/4852548105_041d544a61_n.jpg',0,0),(1207,83,34,'http://farm4.staticflickr.com/3413/3544044637_208058c8b4_o.jpg','test','test',1370572630,'http://farm4.staticflickr.com/3413/3544044637_9a9a491978_m.jpg',0,0),(1208,84,10,'http://farm8.staticflickr.com/7161/6430213513_02b5542890_b.jpg','test','test',1370572630,'http://farm8.staticflickr.com/7161/6430213513_02b5542890_n.jpg',0,0),(1209,84,10,'http://farm8.staticflickr.com/7161/6430213513_02b5542890_b.jpg','test','test',1370572630,'http://farm8.staticflickr.com/7161/6430213513_02b5542890_n.jpg',0,0),(1210,84,10,'http://farm8.staticflickr.com/7161/6430213513_02b5542890_b.jpg','test','test',1370572630,'http://farm8.staticflickr.com/7161/6430213513_02b5542890_n.jpg',0,0),(1211,84,10,'http://farm9.staticflickr.com/8450/8014700704_c1ac5e6e9b_z.jpg','test','test',1370572630,'http://farm9.staticflickr.com/8450/8014700704_c1ac5e6e9b_m.jpg',0,0),(1212,84,10,'http://farm8.staticflickr.com/7161/6430213513_02b5542890_b.jpg','test','test',1370572630,'http://farm8.staticflickr.com/7161/6430213513_02b5542890_n.jpg',0,0),(1213,84,10,'http://farm4.staticflickr.com/3413/3544044637_208058c8b4_o.jpg','test','test',1370572630,'http://farm4.staticflickr.com/3413/3544044637_9a9a491978_m.jpg',0,0),(1214,84,10,'http://farm8.staticflickr.com/7173/6430214673_6a80d19700_b.jpg','test','test',1370572630,'http://farm8.staticflickr.com/7173/6430214673_6a80d19700_m.jpg',0,0),(1215,84,17,'http://farm8.staticflickr.com/7161/6430213513_02b5542890_b.jpg','test','test',1370572630,'http://farm8.staticflickr.com/7161/6430213513_02b5542890_n.jpg',0,0),(1216,84,17,'http://farm9.staticflickr.com/8450/8014700704_c1ac5e6e9b_z.jpg','test','test',1370572630,'http://farm9.staticflickr.com/8450/8014700704_c1ac5e6e9b_m.jpg',0,0),(1217,84,17,'http://farm9.staticflickr.com/8450/8014700704_c1ac5e6e9b_z.jpg','test','test',1370572630,'http://farm9.staticflickr.com/8450/8014700704_c1ac5e6e9b_m.jpg',0,0),(1218,84,17,'http://farm5.staticflickr.com/4135/4852548105_f47030ce09_o.jpg','test','test',1370572630,'http://farm5.staticflickr.com/4135/4852548105_041d544a61_n.jpg',0,0),(1219,84,17,'http://farm8.staticflickr.com/7161/6430213513_02b5542890_b.jpg','test','test',1370572630,'http://farm8.staticflickr.com/7161/6430213513_02b5542890_n.jpg',0,0),(1220,84,17,'http://farm5.staticflickr.com/4135/4852548105_f47030ce09_o.jpg','test','test',1370572630,'http://farm5.staticflickr.com/4135/4852548105_041d544a61_n.jpg',0,0),(1221,84,17,'http://farm5.staticflickr.com/4135/4852548105_f47030ce09_o.jpg','test','test',1370572630,'http://farm5.staticflickr.com/4135/4852548105_041d544a61_n.jpg',0,0),(1222,85,36,'http://farm8.staticflickr.com/7161/6430213513_02b5542890_b.jpg','test','test',1370572630,'http://farm8.staticflickr.com/7161/6430213513_02b5542890_n.jpg',0,0),(1223,85,36,'http://farm9.staticflickr.com/8450/8014700704_c1ac5e6e9b_z.jpg','test','test',1370572630,'http://farm9.staticflickr.com/8450/8014700704_c1ac5e6e9b_m.jpg',0,0),(1224,85,36,'http://farm5.staticflickr.com/4135/4852548105_f47030ce09_o.jpg','test','test',1370572630,'http://farm5.staticflickr.com/4135/4852548105_041d544a61_n.jpg',0,0),(1225,85,36,'http://farm4.staticflickr.com/3413/3544044637_208058c8b4_o.jpg','test','test',1370572630,'http://farm4.staticflickr.com/3413/3544044637_9a9a491978_m.jpg',0,0),(1226,85,36,'http://farm4.staticflickr.com/3413/3544044637_208058c8b4_o.jpg','test','test',1370572630,'http://farm4.staticflickr.com/3413/3544044637_9a9a491978_m.jpg',0,0),(1227,85,36,'http://farm4.staticflickr.com/3413/3544044637_208058c8b4_o.jpg','test','test',1370572630,'http://farm4.staticflickr.com/3413/3544044637_9a9a491978_m.jpg',0,0),(1228,85,36,'http://farm5.staticflickr.com/4135/4852548105_f47030ce09_o.jpg','test','test',1370572630,'http://farm5.staticflickr.com/4135/4852548105_041d544a61_n.jpg',0,0),(1229,85,33,'http://farm9.staticflickr.com/8450/8014700704_c1ac5e6e9b_z.jpg','test','test',1370572630,'http://farm9.staticflickr.com/8450/8014700704_c1ac5e6e9b_m.jpg',0,0),(1230,85,33,'http://farm5.staticflickr.com/4135/4852548105_f47030ce09_o.jpg','test','test',1370572630,'http://farm5.staticflickr.com/4135/4852548105_041d544a61_n.jpg',0,0),(1231,85,33,'http://farm8.staticflickr.com/7161/6430213513_02b5542890_b.jpg','test','test',1370572630,'http://farm8.staticflickr.com/7161/6430213513_02b5542890_n.jpg',0,0),(1232,85,33,'http://farm8.staticflickr.com/7173/6430214673_6a80d19700_b.jpg','test','test',1370572630,'http://farm8.staticflickr.com/7173/6430214673_6a80d19700_m.jpg',0,0),(1233,85,33,'http://farm8.staticflickr.com/7173/6430214673_6a80d19700_b.jpg','test','test',1370572630,'http://farm8.staticflickr.com/7173/6430214673_6a80d19700_m.jpg',0,0),(1234,85,33,'http://farm8.staticflickr.com/7161/6430213513_02b5542890_b.jpg','test','test',1370572630,'http://farm8.staticflickr.com/7161/6430213513_02b5542890_n.jpg',0,0),(1235,85,33,'http://farm5.staticflickr.com/4135/4852548105_f47030ce09_o.jpg','test','test',1370572630,'http://farm5.staticflickr.com/4135/4852548105_041d544a61_n.jpg',0,0),(1236,86,38,'http://farm4.staticflickr.com/3413/3544044637_208058c8b4_o.jpg','test','test',1370572630,'http://farm4.staticflickr.com/3413/3544044637_9a9a491978_m.jpg',0,0),(1237,86,38,'http://farm9.staticflickr.com/8450/8014700704_c1ac5e6e9b_z.jpg','test','test',1370572630,'http://farm9.staticflickr.com/8450/8014700704_c1ac5e6e9b_m.jpg',0,0),(1238,86,38,'http://farm9.staticflickr.com/8450/8014700704_c1ac5e6e9b_z.jpg','test','test',1370572630,'http://farm9.staticflickr.com/8450/8014700704_c1ac5e6e9b_m.jpg',0,0),(1239,86,38,'http://farm8.staticflickr.com/7161/6430213513_02b5542890_b.jpg','test','test',1370572630,'http://farm8.staticflickr.com/7161/6430213513_02b5542890_n.jpg',0,0),(1240,86,38,'http://farm4.staticflickr.com/3413/3544044637_208058c8b4_o.jpg','test','test',1370572630,'http://farm4.staticflickr.com/3413/3544044637_9a9a491978_m.jpg',0,0),(1241,86,38,'http://farm8.staticflickr.com/7173/6430214673_6a80d19700_b.jpg','test','test',1370572630,'http://farm8.staticflickr.com/7173/6430214673_6a80d19700_m.jpg',0,0),(1242,86,38,'http://farm4.staticflickr.com/3413/3544044637_208058c8b4_o.jpg','test','test',1370572630,'http://farm4.staticflickr.com/3413/3544044637_9a9a491978_m.jpg',0,0),(1243,86,12,'http://farm8.staticflickr.com/7161/6430213513_02b5542890_b.jpg','test','test',1370572630,'http://farm8.staticflickr.com/7161/6430213513_02b5542890_n.jpg',0,0),(1244,86,12,'http://farm4.staticflickr.com/3413/3544044637_208058c8b4_o.jpg','test','test',1370572630,'http://farm4.staticflickr.com/3413/3544044637_9a9a491978_m.jpg',0,0),(1245,86,12,'http://farm4.staticflickr.com/3413/3544044637_208058c8b4_o.jpg','test','test',1370572630,'http://farm4.staticflickr.com/3413/3544044637_9a9a491978_m.jpg',0,0),(1246,86,12,'http://farm9.staticflickr.com/8450/8014700704_c1ac5e6e9b_z.jpg','test','test',1370572630,'http://farm9.staticflickr.com/8450/8014700704_c1ac5e6e9b_m.jpg',0,0),(1247,86,12,'http://farm5.staticflickr.com/4135/4852548105_f47030ce09_o.jpg','test','test',1370572630,'http://farm5.staticflickr.com/4135/4852548105_041d544a61_n.jpg',0,0),(1248,86,12,'http://farm8.staticflickr.com/7161/6430213513_02b5542890_b.jpg','test','test',1370572630,'http://farm8.staticflickr.com/7161/6430213513_02b5542890_n.jpg',0,0),(1249,86,12,'http://farm4.staticflickr.com/3413/3544044637_208058c8b4_o.jpg','test','test',1370572630,'http://farm4.staticflickr.com/3413/3544044637_9a9a491978_m.jpg',0,0),(1250,87,3,'http://farm5.staticflickr.com/4135/4852548105_f47030ce09_o.jpg','test','test',1370572630,'http://farm5.staticflickr.com/4135/4852548105_041d544a61_n.jpg',0,0),(1251,87,3,'http://farm8.staticflickr.com/7161/6430213513_02b5542890_b.jpg','test','test',1370572630,'http://farm8.staticflickr.com/7161/6430213513_02b5542890_n.jpg',0,0),(1252,87,3,'http://farm9.staticflickr.com/8450/8014700704_c1ac5e6e9b_z.jpg','test','test',1370572630,'http://farm9.staticflickr.com/8450/8014700704_c1ac5e6e9b_m.jpg',0,0),(1253,87,3,'http://farm8.staticflickr.com/7161/6430213513_02b5542890_b.jpg','test','test',1370572630,'http://farm8.staticflickr.com/7161/6430213513_02b5542890_n.jpg',0,0),(1254,87,3,'http://farm8.staticflickr.com/7173/6430214673_6a80d19700_b.jpg','test','test',1370572630,'http://farm8.staticflickr.com/7173/6430214673_6a80d19700_m.jpg',0,0),(1255,87,3,'http://farm5.staticflickr.com/4135/4852548105_f47030ce09_o.jpg','test','test',1370572630,'http://farm5.staticflickr.com/4135/4852548105_041d544a61_n.jpg',0,0),(1256,87,3,'http://farm8.staticflickr.com/7173/6430214673_6a80d19700_b.jpg','test','test',1370572630,'http://farm8.staticflickr.com/7173/6430214673_6a80d19700_m.jpg',0,0),(1257,87,16,'http://farm8.staticflickr.com/7173/6430214673_6a80d19700_b.jpg','test','test',1370572630,'http://farm8.staticflickr.com/7173/6430214673_6a80d19700_m.jpg',0,0),(1258,87,16,'http://farm4.staticflickr.com/3413/3544044637_208058c8b4_o.jpg','test','test',1370572630,'http://farm4.staticflickr.com/3413/3544044637_9a9a491978_m.jpg',0,0),(1259,87,16,'http://farm5.staticflickr.com/4135/4852548105_f47030ce09_o.jpg','test','test',1370572630,'http://farm5.staticflickr.com/4135/4852548105_041d544a61_n.jpg',0,0),(1260,87,16,'http://farm5.staticflickr.com/4135/4852548105_f47030ce09_o.jpg','test','test',1370572630,'http://farm5.staticflickr.com/4135/4852548105_041d544a61_n.jpg',0,0),(1261,87,16,'http://farm8.staticflickr.com/7173/6430214673_6a80d19700_b.jpg','test','test',1370572630,'http://farm8.staticflickr.com/7173/6430214673_6a80d19700_m.jpg',0,0),(1262,87,16,'http://farm8.staticflickr.com/7173/6430214673_6a80d19700_b.jpg','test','test',1370572630,'http://farm8.staticflickr.com/7173/6430214673_6a80d19700_m.jpg',0,0),(1263,87,16,'http://farm5.staticflickr.com/4135/4852548105_f47030ce09_o.jpg','test','test',1370572630,'http://farm5.staticflickr.com/4135/4852548105_041d544a61_n.jpg',0,0),(1264,88,9,'http://farm8.staticflickr.com/7161/6430213513_02b5542890_b.jpg','test','test',1370572630,'http://farm8.staticflickr.com/7161/6430213513_02b5542890_n.jpg',0,0),(1265,88,9,'http://farm5.staticflickr.com/4135/4852548105_f47030ce09_o.jpg','test','test',1370572630,'http://farm5.staticflickr.com/4135/4852548105_041d544a61_n.jpg',0,0),(1266,88,9,'http://farm5.staticflickr.com/4135/4852548105_f47030ce09_o.jpg','test','test',1370572630,'http://farm5.staticflickr.com/4135/4852548105_041d544a61_n.jpg',0,0),(1267,88,9,'http://farm8.staticflickr.com/7173/6430214673_6a80d19700_b.jpg','test','test',1370572630,'http://farm8.staticflickr.com/7173/6430214673_6a80d19700_m.jpg',0,0),(1268,88,9,'http://farm4.staticflickr.com/3413/3544044637_208058c8b4_o.jpg','test','test',1370572630,'http://farm4.staticflickr.com/3413/3544044637_9a9a491978_m.jpg',0,0),(1269,88,9,'http://farm8.staticflickr.com/7161/6430213513_02b5542890_b.jpg','test','test',1370572630,'http://farm8.staticflickr.com/7161/6430213513_02b5542890_n.jpg',0,0),(1270,88,9,'http://farm8.staticflickr.com/7161/6430213513_02b5542890_b.jpg','test','test',1370572630,'http://farm8.staticflickr.com/7161/6430213513_02b5542890_n.jpg',0,0),(1271,88,15,'http://farm8.staticflickr.com/7161/6430213513_02b5542890_b.jpg','test','test',1370572630,'http://farm8.staticflickr.com/7161/6430213513_02b5542890_n.jpg',0,0),(1272,88,15,'http://farm8.staticflickr.com/7161/6430213513_02b5542890_b.jpg','test','test',1370572630,'http://farm8.staticflickr.com/7161/6430213513_02b5542890_n.jpg',0,0),(1273,88,15,'http://farm8.staticflickr.com/7173/6430214673_6a80d19700_b.jpg','test','test',1370572630,'http://farm8.staticflickr.com/7173/6430214673_6a80d19700_m.jpg',0,0),(1274,88,15,'http://farm9.staticflickr.com/8450/8014700704_c1ac5e6e9b_z.jpg','test','test',1370572630,'http://farm9.staticflickr.com/8450/8014700704_c1ac5e6e9b_m.jpg',0,0),(1275,88,15,'http://farm4.staticflickr.com/3413/3544044637_208058c8b4_o.jpg','test','test',1370572630,'http://farm4.staticflickr.com/3413/3544044637_9a9a491978_m.jpg',0,0),(1276,88,15,'http://farm8.staticflickr.com/7173/6430214673_6a80d19700_b.jpg','test','test',1370572630,'http://farm8.staticflickr.com/7173/6430214673_6a80d19700_m.jpg',0,0),(1277,88,15,'http://farm9.staticflickr.com/8450/8014700704_c1ac5e6e9b_z.jpg','test','test',1370572630,'http://farm9.staticflickr.com/8450/8014700704_c1ac5e6e9b_m.jpg',0,0),(1278,89,27,'http://farm5.staticflickr.com/4135/4852548105_f47030ce09_o.jpg','test','test',1370572630,'http://farm5.staticflickr.com/4135/4852548105_041d544a61_n.jpg',0,0),(1279,89,27,'http://farm9.staticflickr.com/8450/8014700704_c1ac5e6e9b_z.jpg','test','test',1370572630,'http://farm9.staticflickr.com/8450/8014700704_c1ac5e6e9b_m.jpg',0,0),(1280,89,27,'http://farm8.staticflickr.com/7173/6430214673_6a80d19700_b.jpg','test','test',1370572630,'http://farm8.staticflickr.com/7173/6430214673_6a80d19700_m.jpg',0,0),(1281,89,27,'http://farm9.staticflickr.com/8450/8014700704_c1ac5e6e9b_z.jpg','test','test',1370572630,'http://farm9.staticflickr.com/8450/8014700704_c1ac5e6e9b_m.jpg',0,0),(1282,89,27,'http://farm4.staticflickr.com/3413/3544044637_208058c8b4_o.jpg','test','test',1370572630,'http://farm4.staticflickr.com/3413/3544044637_9a9a491978_m.jpg',0,0),(1283,89,27,'http://farm8.staticflickr.com/7161/6430213513_02b5542890_b.jpg','test','test',1370572630,'http://farm8.staticflickr.com/7161/6430213513_02b5542890_n.jpg',0,0),(1284,89,27,'http://farm8.staticflickr.com/7161/6430213513_02b5542890_b.jpg','test','test',1370572630,'http://farm8.staticflickr.com/7161/6430213513_02b5542890_n.jpg',0,0),(1285,89,14,'http://farm8.staticflickr.com/7161/6430213513_02b5542890_b.jpg','test','test',1370572630,'http://farm8.staticflickr.com/7161/6430213513_02b5542890_n.jpg',0,0),(1286,89,14,'http://farm8.staticflickr.com/7173/6430214673_6a80d19700_b.jpg','test','test',1370572630,'http://farm8.staticflickr.com/7173/6430214673_6a80d19700_m.jpg',0,0),(1287,89,14,'http://farm9.staticflickr.com/8450/8014700704_c1ac5e6e9b_z.jpg','test','test',1370572630,'http://farm9.staticflickr.com/8450/8014700704_c1ac5e6e9b_m.jpg',0,0),(1288,89,14,'http://farm5.staticflickr.com/4135/4852548105_f47030ce09_o.jpg','test','test',1370572630,'http://farm5.staticflickr.com/4135/4852548105_041d544a61_n.jpg',0,0),(1289,89,14,'http://farm5.staticflickr.com/4135/4852548105_f47030ce09_o.jpg','test','test',1370572630,'http://farm5.staticflickr.com/4135/4852548105_041d544a61_n.jpg',0,0),(1290,89,14,'http://farm5.staticflickr.com/4135/4852548105_f47030ce09_o.jpg','test','test',1370572630,'http://farm5.staticflickr.com/4135/4852548105_041d544a61_n.jpg',0,0),(1291,89,14,'http://farm4.staticflickr.com/3413/3544044637_208058c8b4_o.jpg','test','test',1370572630,'http://farm4.staticflickr.com/3413/3544044637_9a9a491978_m.jpg',0,0),(1292,90,3,'http://farm8.staticflickr.com/7161/6430213513_02b5542890_b.jpg','test','test',1370572630,'http://farm8.staticflickr.com/7161/6430213513_02b5542890_n.jpg',0,0),(1293,90,3,'http://farm8.staticflickr.com/7161/6430213513_02b5542890_b.jpg','test','test',1370572630,'http://farm8.staticflickr.com/7161/6430213513_02b5542890_n.jpg',0,0),(1294,90,3,'http://farm8.staticflickr.com/7173/6430214673_6a80d19700_b.jpg','test','test',1370572630,'http://farm8.staticflickr.com/7173/6430214673_6a80d19700_m.jpg',0,0),(1295,90,3,'http://farm8.staticflickr.com/7161/6430213513_02b5542890_b.jpg','test','test',1370572630,'http://farm8.staticflickr.com/7161/6430213513_02b5542890_n.jpg',0,0),(1296,90,3,'http://farm9.staticflickr.com/8450/8014700704_c1ac5e6e9b_z.jpg','test','test',1370572630,'http://farm9.staticflickr.com/8450/8014700704_c1ac5e6e9b_m.jpg',0,0),(1297,90,3,'http://farm4.staticflickr.com/3413/3544044637_208058c8b4_o.jpg','test','test',1370572630,'http://farm4.staticflickr.com/3413/3544044637_9a9a491978_m.jpg',0,0),(1298,90,3,'http://farm4.staticflickr.com/3413/3544044637_208058c8b4_o.jpg','test','test',1370572630,'http://farm4.staticflickr.com/3413/3544044637_9a9a491978_m.jpg',0,0),(1299,90,20,'http://farm8.staticflickr.com/7173/6430214673_6a80d19700_b.jpg','test','test',1370572630,'http://farm8.staticflickr.com/7173/6430214673_6a80d19700_m.jpg',0,0),(1300,90,20,'http://farm8.staticflickr.com/7173/6430214673_6a80d19700_b.jpg','test','test',1370572630,'http://farm8.staticflickr.com/7173/6430214673_6a80d19700_m.jpg',0,0),(1301,90,20,'http://farm8.staticflickr.com/7161/6430213513_02b5542890_b.jpg','test','test',1370572630,'http://farm8.staticflickr.com/7161/6430213513_02b5542890_n.jpg',0,0),(1302,90,20,'http://farm8.staticflickr.com/7173/6430214673_6a80d19700_b.jpg','test','test',1370572630,'http://farm8.staticflickr.com/7173/6430214673_6a80d19700_m.jpg',0,0),(1303,90,20,'http://farm8.staticflickr.com/7161/6430213513_02b5542890_b.jpg','test','test',1370572630,'http://farm8.staticflickr.com/7161/6430213513_02b5542890_n.jpg',0,0),(1304,90,20,'http://farm5.staticflickr.com/4135/4852548105_f47030ce09_o.jpg','test','test',1370572630,'http://farm5.staticflickr.com/4135/4852548105_041d544a61_n.jpg',0,0),(1305,90,20,'http://farm4.staticflickr.com/3413/3544044637_208058c8b4_o.jpg','test','test',1370572630,'http://farm4.staticflickr.com/3413/3544044637_9a9a491978_m.jpg',0,0),(1306,91,13,'http://farm4.staticflickr.com/3413/3544044637_208058c8b4_o.jpg','test','test',1370572630,'http://farm4.staticflickr.com/3413/3544044637_9a9a491978_m.jpg',0,0),(1307,91,13,'http://farm9.staticflickr.com/8450/8014700704_c1ac5e6e9b_z.jpg','test','test',1370572630,'http://farm9.staticflickr.com/8450/8014700704_c1ac5e6e9b_m.jpg',0,0),(1308,91,13,'http://farm8.staticflickr.com/7161/6430213513_02b5542890_b.jpg','test','test',1370572630,'http://farm8.staticflickr.com/7161/6430213513_02b5542890_n.jpg',0,0),(1309,91,13,'http://farm4.staticflickr.com/3413/3544044637_208058c8b4_o.jpg','test','test',1370572630,'http://farm4.staticflickr.com/3413/3544044637_9a9a491978_m.jpg',0,0),(1310,91,13,'http://farm5.staticflickr.com/4135/4852548105_f47030ce09_o.jpg','test','test',1370572630,'http://farm5.staticflickr.com/4135/4852548105_041d544a61_n.jpg',0,0),(1311,91,13,'http://farm9.staticflickr.com/8450/8014700704_c1ac5e6e9b_z.jpg','test','test',1370572630,'http://farm9.staticflickr.com/8450/8014700704_c1ac5e6e9b_m.jpg',0,0),(1312,91,13,'http://farm9.staticflickr.com/8450/8014700704_c1ac5e6e9b_z.jpg','test','test',1370572630,'http://farm9.staticflickr.com/8450/8014700704_c1ac5e6e9b_m.jpg',0,0),(1313,91,5,'http://farm8.staticflickr.com/7173/6430214673_6a80d19700_b.jpg','test','test',1370572630,'http://farm8.staticflickr.com/7173/6430214673_6a80d19700_m.jpg',0,0),(1314,91,5,'http://farm8.staticflickr.com/7173/6430214673_6a80d19700_b.jpg','test','test',1370572630,'http://farm8.staticflickr.com/7173/6430214673_6a80d19700_m.jpg',0,0),(1315,91,5,'http://farm5.staticflickr.com/4135/4852548105_f47030ce09_o.jpg','test','test',1370572630,'http://farm5.staticflickr.com/4135/4852548105_041d544a61_n.jpg',0,0),(1316,91,5,'http://farm4.staticflickr.com/3413/3544044637_208058c8b4_o.jpg','test','test',1370572630,'http://farm4.staticflickr.com/3413/3544044637_9a9a491978_m.jpg',0,0),(1317,91,5,'http://farm9.staticflickr.com/8450/8014700704_c1ac5e6e9b_z.jpg','test','test',1370572630,'http://farm9.staticflickr.com/8450/8014700704_c1ac5e6e9b_m.jpg',0,0),(1318,91,5,'http://farm5.staticflickr.com/4135/4852548105_f47030ce09_o.jpg','test','test',1370572630,'http://farm5.staticflickr.com/4135/4852548105_041d544a61_n.jpg',0,0),(1319,91,5,'http://farm9.staticflickr.com/8450/8014700704_c1ac5e6e9b_z.jpg','test','test',1370572630,'http://farm9.staticflickr.com/8450/8014700704_c1ac5e6e9b_m.jpg',0,0),(1320,92,23,'http://farm8.staticflickr.com/7173/6430214673_6a80d19700_b.jpg','test','test',1370572630,'http://farm8.staticflickr.com/7173/6430214673_6a80d19700_m.jpg',0,0),(1321,92,23,'http://farm8.staticflickr.com/7173/6430214673_6a80d19700_b.jpg','test','test',1370572630,'http://farm8.staticflickr.com/7173/6430214673_6a80d19700_m.jpg',0,0),(1322,92,23,'http://farm9.staticflickr.com/8450/8014700704_c1ac5e6e9b_z.jpg','test','test',1370572630,'http://farm9.staticflickr.com/8450/8014700704_c1ac5e6e9b_m.jpg',0,0),(1323,92,23,'http://farm8.staticflickr.com/7173/6430214673_6a80d19700_b.jpg','test','test',1370572630,'http://farm8.staticflickr.com/7173/6430214673_6a80d19700_m.jpg',0,0),(1324,92,23,'http://farm8.staticflickr.com/7173/6430214673_6a80d19700_b.jpg','test','test',1370572630,'http://farm8.staticflickr.com/7173/6430214673_6a80d19700_m.jpg',0,0),(1325,92,23,'http://farm4.staticflickr.com/3413/3544044637_208058c8b4_o.jpg','test','test',1370572630,'http://farm4.staticflickr.com/3413/3544044637_9a9a491978_m.jpg',0,0),(1326,92,23,'http://farm5.staticflickr.com/4135/4852548105_f47030ce09_o.jpg','test','test',1370572630,'http://farm5.staticflickr.com/4135/4852548105_041d544a61_n.jpg',0,0),(1327,92,20,'http://farm9.staticflickr.com/8450/8014700704_c1ac5e6e9b_z.jpg','test','test',1370572630,'http://farm9.staticflickr.com/8450/8014700704_c1ac5e6e9b_m.jpg',0,0),(1328,92,20,'http://farm8.staticflickr.com/7173/6430214673_6a80d19700_b.jpg','test','test',1370572630,'http://farm8.staticflickr.com/7173/6430214673_6a80d19700_m.jpg',0,0),(1329,92,20,'http://farm5.staticflickr.com/4135/4852548105_f47030ce09_o.jpg','test','test',1370572630,'http://farm5.staticflickr.com/4135/4852548105_041d544a61_n.jpg',0,0),(1330,92,20,'http://farm5.staticflickr.com/4135/4852548105_f47030ce09_o.jpg','test','test',1370572630,'http://farm5.staticflickr.com/4135/4852548105_041d544a61_n.jpg',0,0),(1331,92,20,'http://farm4.staticflickr.com/3413/3544044637_208058c8b4_o.jpg','test','test',1370572630,'http://farm4.staticflickr.com/3413/3544044637_9a9a491978_m.jpg',0,0),(1332,92,20,'http://farm5.staticflickr.com/4135/4852548105_f47030ce09_o.jpg','test','test',1370572630,'http://farm5.staticflickr.com/4135/4852548105_041d544a61_n.jpg',0,0),(1333,92,20,'http://farm4.staticflickr.com/3413/3544044637_208058c8b4_o.jpg','test','test',1370572630,'http://farm4.staticflickr.com/3413/3544044637_9a9a491978_m.jpg',0,0),(1334,93,34,'http://farm5.staticflickr.com/4135/4852548105_f47030ce09_o.jpg','test','test',1370572630,'http://farm5.staticflickr.com/4135/4852548105_041d544a61_n.jpg',0,0),(1335,93,34,'http://farm8.staticflickr.com/7173/6430214673_6a80d19700_b.jpg','test','test',1370572630,'http://farm8.staticflickr.com/7173/6430214673_6a80d19700_m.jpg',0,0),(1336,93,34,'http://farm5.staticflickr.com/4135/4852548105_f47030ce09_o.jpg','test','test',1370572630,'http://farm5.staticflickr.com/4135/4852548105_041d544a61_n.jpg',0,0),(1337,93,34,'http://farm8.staticflickr.com/7161/6430213513_02b5542890_b.jpg','test','test',1370572630,'http://farm8.staticflickr.com/7161/6430213513_02b5542890_n.jpg',0,0),(1338,93,34,'http://farm8.staticflickr.com/7173/6430214673_6a80d19700_b.jpg','test','test',1370572630,'http://farm8.staticflickr.com/7173/6430214673_6a80d19700_m.jpg',0,0),(1339,93,34,'http://farm4.staticflickr.com/3413/3544044637_208058c8b4_o.jpg','test','test',1370572630,'http://farm4.staticflickr.com/3413/3544044637_9a9a491978_m.jpg',0,0),(1340,93,34,'http://farm5.staticflickr.com/4135/4852548105_f47030ce09_o.jpg','test','test',1370572630,'http://farm5.staticflickr.com/4135/4852548105_041d544a61_n.jpg',0,0),(1341,93,27,'http://farm9.staticflickr.com/8450/8014700704_c1ac5e6e9b_z.jpg','test','test',1370572630,'http://farm9.staticflickr.com/8450/8014700704_c1ac5e6e9b_m.jpg',0,0),(1342,93,27,'http://farm8.staticflickr.com/7161/6430213513_02b5542890_b.jpg','test','test',1370572630,'http://farm8.staticflickr.com/7161/6430213513_02b5542890_n.jpg',0,0),(1343,93,27,'http://farm5.staticflickr.com/4135/4852548105_f47030ce09_o.jpg','test','test',1370572630,'http://farm5.staticflickr.com/4135/4852548105_041d544a61_n.jpg',0,0),(1344,93,27,'http://farm9.staticflickr.com/8450/8014700704_c1ac5e6e9b_z.jpg','test','test',1370572630,'http://farm9.staticflickr.com/8450/8014700704_c1ac5e6e9b_m.jpg',0,0),(1345,93,27,'http://farm9.staticflickr.com/8450/8014700704_c1ac5e6e9b_z.jpg','test','test',1370572630,'http://farm9.staticflickr.com/8450/8014700704_c1ac5e6e9b_m.jpg',0,0),(1346,93,27,'http://farm5.staticflickr.com/4135/4852548105_f47030ce09_o.jpg','test','test',1370572630,'http://farm5.staticflickr.com/4135/4852548105_041d544a61_n.jpg',0,0),(1347,93,27,'http://farm5.staticflickr.com/4135/4852548105_f47030ce09_o.jpg','test','test',1370572630,'http://farm5.staticflickr.com/4135/4852548105_041d544a61_n.jpg',0,0),(1348,94,12,'http://farm9.staticflickr.com/8450/8014700704_c1ac5e6e9b_z.jpg','test','test',1370572630,'http://farm9.staticflickr.com/8450/8014700704_c1ac5e6e9b_m.jpg',0,0),(1349,94,12,'http://farm5.staticflickr.com/4135/4852548105_f47030ce09_o.jpg','test','test',1370572630,'http://farm5.staticflickr.com/4135/4852548105_041d544a61_n.jpg',0,0),(1350,94,12,'http://farm8.staticflickr.com/7161/6430213513_02b5542890_b.jpg','test','test',1370572630,'http://farm8.staticflickr.com/7161/6430213513_02b5542890_n.jpg',0,0),(1351,94,12,'http://farm8.staticflickr.com/7173/6430214673_6a80d19700_b.jpg','test','test',1370572630,'http://farm8.staticflickr.com/7173/6430214673_6a80d19700_m.jpg',0,0),(1352,94,12,'http://farm8.staticflickr.com/7161/6430213513_02b5542890_b.jpg','test','test',1370572630,'http://farm8.staticflickr.com/7161/6430213513_02b5542890_n.jpg',0,0),(1353,94,12,'http://farm8.staticflickr.com/7173/6430214673_6a80d19700_b.jpg','test','test',1370572630,'http://farm8.staticflickr.com/7173/6430214673_6a80d19700_m.jpg',0,0),(1354,94,12,'http://farm5.staticflickr.com/4135/4852548105_f47030ce09_o.jpg','test','test',1370572630,'http://farm5.staticflickr.com/4135/4852548105_041d544a61_n.jpg',0,0),(1355,94,28,'http://farm8.staticflickr.com/7161/6430213513_02b5542890_b.jpg','test','test',1370572630,'http://farm8.staticflickr.com/7161/6430213513_02b5542890_n.jpg',0,0),(1356,94,28,'http://farm8.staticflickr.com/7161/6430213513_02b5542890_b.jpg','test','test',1370572630,'http://farm8.staticflickr.com/7161/6430213513_02b5542890_n.jpg',0,0),(1357,94,28,'http://farm8.staticflickr.com/7173/6430214673_6a80d19700_b.jpg','test','test',1370572630,'http://farm8.staticflickr.com/7173/6430214673_6a80d19700_m.jpg',0,0),(1358,94,28,'http://farm8.staticflickr.com/7161/6430213513_02b5542890_b.jpg','test','test',1370572630,'http://farm8.staticflickr.com/7161/6430213513_02b5542890_n.jpg',0,0),(1359,94,28,'http://farm9.staticflickr.com/8450/8014700704_c1ac5e6e9b_z.jpg','test','test',1370572630,'http://farm9.staticflickr.com/8450/8014700704_c1ac5e6e9b_m.jpg',0,0),(1360,94,28,'http://farm9.staticflickr.com/8450/8014700704_c1ac5e6e9b_z.jpg','test','test',1370572630,'http://farm9.staticflickr.com/8450/8014700704_c1ac5e6e9b_m.jpg',0,0),(1361,94,28,'http://farm8.staticflickr.com/7173/6430214673_6a80d19700_b.jpg','test','test',1370572630,'http://farm8.staticflickr.com/7173/6430214673_6a80d19700_m.jpg',0,0),(1362,95,36,'http://farm8.staticflickr.com/7161/6430213513_02b5542890_b.jpg','test','test',1370572630,'http://farm8.staticflickr.com/7161/6430213513_02b5542890_n.jpg',0,0),(1363,95,36,'http://farm4.staticflickr.com/3413/3544044637_208058c8b4_o.jpg','test','test',1370572630,'http://farm4.staticflickr.com/3413/3544044637_9a9a491978_m.jpg',0,0),(1364,95,36,'http://farm8.staticflickr.com/7173/6430214673_6a80d19700_b.jpg','test','test',1370572630,'http://farm8.staticflickr.com/7173/6430214673_6a80d19700_m.jpg',0,0),(1365,95,36,'http://farm4.staticflickr.com/3413/3544044637_208058c8b4_o.jpg','test','test',1370572630,'http://farm4.staticflickr.com/3413/3544044637_9a9a491978_m.jpg',0,0),(1366,95,36,'http://farm5.staticflickr.com/4135/4852548105_f47030ce09_o.jpg','test','test',1370572630,'http://farm5.staticflickr.com/4135/4852548105_041d544a61_n.jpg',0,0),(1367,95,36,'http://farm9.staticflickr.com/8450/8014700704_c1ac5e6e9b_z.jpg','test','test',1370572630,'http://farm9.staticflickr.com/8450/8014700704_c1ac5e6e9b_m.jpg',0,0),(1368,95,36,'http://farm8.staticflickr.com/7161/6430213513_02b5542890_b.jpg','test','test',1370572630,'http://farm8.staticflickr.com/7161/6430213513_02b5542890_n.jpg',0,0),(1369,95,34,'http://farm8.staticflickr.com/7161/6430213513_02b5542890_b.jpg','test','test',1370572630,'http://farm8.staticflickr.com/7161/6430213513_02b5542890_n.jpg',0,0),(1370,95,34,'http://farm8.staticflickr.com/7173/6430214673_6a80d19700_b.jpg','test','test',1370572630,'http://farm8.staticflickr.com/7173/6430214673_6a80d19700_m.jpg',0,0),(1371,95,34,'http://farm4.staticflickr.com/3413/3544044637_208058c8b4_o.jpg','test','test',1370572630,'http://farm4.staticflickr.com/3413/3544044637_9a9a491978_m.jpg',0,0),(1372,95,34,'http://farm8.staticflickr.com/7161/6430213513_02b5542890_b.jpg','test','test',1370572630,'http://farm8.staticflickr.com/7161/6430213513_02b5542890_n.jpg',0,0),(1373,95,34,'http://farm4.staticflickr.com/3413/3544044637_208058c8b4_o.jpg','test','test',1370572630,'http://farm4.staticflickr.com/3413/3544044637_9a9a491978_m.jpg',0,0),(1374,95,34,'http://farm5.staticflickr.com/4135/4852548105_f47030ce09_o.jpg','test','test',1370572630,'http://farm5.staticflickr.com/4135/4852548105_041d544a61_n.jpg',0,0),(1375,95,34,'http://farm5.staticflickr.com/4135/4852548105_f47030ce09_o.jpg','test','test',1370572630,'http://farm5.staticflickr.com/4135/4852548105_041d544a61_n.jpg',0,0),(1376,96,35,'http://farm8.staticflickr.com/7173/6430214673_6a80d19700_b.jpg','test','test',1370572630,'http://farm8.staticflickr.com/7173/6430214673_6a80d19700_m.jpg',0,0),(1377,96,35,'http://farm8.staticflickr.com/7173/6430214673_6a80d19700_b.jpg','test','test',1370572630,'http://farm8.staticflickr.com/7173/6430214673_6a80d19700_m.jpg',0,0),(1378,96,35,'http://farm9.staticflickr.com/8450/8014700704_c1ac5e6e9b_z.jpg','test','test',1370572630,'http://farm9.staticflickr.com/8450/8014700704_c1ac5e6e9b_m.jpg',0,0),(1379,96,35,'http://farm4.staticflickr.com/3413/3544044637_208058c8b4_o.jpg','test','test',1370572630,'http://farm4.staticflickr.com/3413/3544044637_9a9a491978_m.jpg',0,0),(1380,96,35,'http://farm8.staticflickr.com/7161/6430213513_02b5542890_b.jpg','test','test',1370572630,'http://farm8.staticflickr.com/7161/6430213513_02b5542890_n.jpg',0,0),(1381,96,35,'http://farm5.staticflickr.com/4135/4852548105_f47030ce09_o.jpg','test','test',1370572630,'http://farm5.staticflickr.com/4135/4852548105_041d544a61_n.jpg',0,0),(1382,96,35,'http://farm5.staticflickr.com/4135/4852548105_f47030ce09_o.jpg','test','test',1370572630,'http://farm5.staticflickr.com/4135/4852548105_041d544a61_n.jpg',0,0),(1383,96,39,'http://farm8.staticflickr.com/7173/6430214673_6a80d19700_b.jpg','test','test',1370572630,'http://farm8.staticflickr.com/7173/6430214673_6a80d19700_m.jpg',0,0),(1384,96,39,'http://farm4.staticflickr.com/3413/3544044637_208058c8b4_o.jpg','test','test',1370572630,'http://farm4.staticflickr.com/3413/3544044637_9a9a491978_m.jpg',0,0),(1385,96,39,'http://farm8.staticflickr.com/7173/6430214673_6a80d19700_b.jpg','test','test',1370572630,'http://farm8.staticflickr.com/7173/6430214673_6a80d19700_m.jpg',0,0),(1386,96,39,'http://farm8.staticflickr.com/7173/6430214673_6a80d19700_b.jpg','test','test',1370572630,'http://farm8.staticflickr.com/7173/6430214673_6a80d19700_m.jpg',0,0),(1387,96,39,'http://farm9.staticflickr.com/8450/8014700704_c1ac5e6e9b_z.jpg','test','test',1370572630,'http://farm9.staticflickr.com/8450/8014700704_c1ac5e6e9b_m.jpg',0,0),(1388,96,39,'http://farm5.staticflickr.com/4135/4852548105_f47030ce09_o.jpg','test','test',1370572630,'http://farm5.staticflickr.com/4135/4852548105_041d544a61_n.jpg',0,0),(1389,96,39,'http://farm9.staticflickr.com/8450/8014700704_c1ac5e6e9b_z.jpg','test','test',1370572630,'http://farm9.staticflickr.com/8450/8014700704_c1ac5e6e9b_m.jpg',0,0),(1390,97,29,'http://farm5.staticflickr.com/4135/4852548105_f47030ce09_o.jpg','test','test',1370572630,'http://farm5.staticflickr.com/4135/4852548105_041d544a61_n.jpg',0,0),(1391,97,29,'http://farm8.staticflickr.com/7161/6430213513_02b5542890_b.jpg','test','test',1370572630,'http://farm8.staticflickr.com/7161/6430213513_02b5542890_n.jpg',0,0),(1392,97,29,'http://farm5.staticflickr.com/4135/4852548105_f47030ce09_o.jpg','test','test',1370572630,'http://farm5.staticflickr.com/4135/4852548105_041d544a61_n.jpg',0,0),(1393,97,29,'http://farm8.staticflickr.com/7173/6430214673_6a80d19700_b.jpg','test','test',1370572630,'http://farm8.staticflickr.com/7173/6430214673_6a80d19700_m.jpg',0,0),(1394,97,29,'http://farm8.staticflickr.com/7161/6430213513_02b5542890_b.jpg','test','test',1370572630,'http://farm8.staticflickr.com/7161/6430213513_02b5542890_n.jpg',0,0),(1395,97,29,'http://farm8.staticflickr.com/7173/6430214673_6a80d19700_b.jpg','test','test',1370572630,'http://farm8.staticflickr.com/7173/6430214673_6a80d19700_m.jpg',0,0),(1396,97,29,'http://farm8.staticflickr.com/7173/6430214673_6a80d19700_b.jpg','test','test',1370572630,'http://farm8.staticflickr.com/7173/6430214673_6a80d19700_m.jpg',0,0),(1397,97,1,'http://farm8.staticflickr.com/7161/6430213513_02b5542890_b.jpg','test','test',1370572630,'http://farm8.staticflickr.com/7161/6430213513_02b5542890_n.jpg',0,0),(1398,97,1,'http://farm9.staticflickr.com/8450/8014700704_c1ac5e6e9b_z.jpg','test','test',1370572630,'http://farm9.staticflickr.com/8450/8014700704_c1ac5e6e9b_m.jpg',0,0),(1399,97,1,'http://farm8.staticflickr.com/7161/6430213513_02b5542890_b.jpg','test','test',1370572630,'http://farm8.staticflickr.com/7161/6430213513_02b5542890_n.jpg',0,0),(1400,97,1,'http://farm8.staticflickr.com/7173/6430214673_6a80d19700_b.jpg','test','test',1370572630,'http://farm8.staticflickr.com/7173/6430214673_6a80d19700_m.jpg',0,0),(1401,97,1,'http://farm4.staticflickr.com/3413/3544044637_208058c8b4_o.jpg','test','test',1370572630,'http://farm4.staticflickr.com/3413/3544044637_9a9a491978_m.jpg',0,0),(1402,97,1,'http://farm8.staticflickr.com/7173/6430214673_6a80d19700_b.jpg','test','test',1370572630,'http://farm8.staticflickr.com/7173/6430214673_6a80d19700_m.jpg',0,0),(1403,97,1,'http://farm9.staticflickr.com/8450/8014700704_c1ac5e6e9b_z.jpg','test','test',1370572630,'http://farm9.staticflickr.com/8450/8014700704_c1ac5e6e9b_m.jpg',0,0),(1404,98,8,'http://farm8.staticflickr.com/7161/6430213513_02b5542890_b.jpg','test','test',1370572630,'http://farm8.staticflickr.com/7161/6430213513_02b5542890_n.jpg',0,0),(1405,98,8,'http://farm8.staticflickr.com/7173/6430214673_6a80d19700_b.jpg','test','test',1370572630,'http://farm8.staticflickr.com/7173/6430214673_6a80d19700_m.jpg',0,0),(1406,98,8,'http://farm9.staticflickr.com/8450/8014700704_c1ac5e6e9b_z.jpg','test','test',1370572630,'http://farm9.staticflickr.com/8450/8014700704_c1ac5e6e9b_m.jpg',0,0),(1407,98,8,'http://farm9.staticflickr.com/8450/8014700704_c1ac5e6e9b_z.jpg','test','test',1370572630,'http://farm9.staticflickr.com/8450/8014700704_c1ac5e6e9b_m.jpg',0,0),(1408,98,8,'http://farm9.staticflickr.com/8450/8014700704_c1ac5e6e9b_z.jpg','test','test',1370572630,'http://farm9.staticflickr.com/8450/8014700704_c1ac5e6e9b_m.jpg',0,0),(1409,98,8,'http://farm4.staticflickr.com/3413/3544044637_208058c8b4_o.jpg','test','test',1370572630,'http://farm4.staticflickr.com/3413/3544044637_9a9a491978_m.jpg',0,0),(1410,98,8,'http://farm9.staticflickr.com/8450/8014700704_c1ac5e6e9b_z.jpg','test','test',1370572630,'http://farm9.staticflickr.com/8450/8014700704_c1ac5e6e9b_m.jpg',0,0),(1411,98,9,'http://farm5.staticflickr.com/4135/4852548105_f47030ce09_o.jpg','test','test',1370572630,'http://farm5.staticflickr.com/4135/4852548105_041d544a61_n.jpg',0,0),(1412,98,9,'http://farm8.staticflickr.com/7161/6430213513_02b5542890_b.jpg','test','test',1370572630,'http://farm8.staticflickr.com/7161/6430213513_02b5542890_n.jpg',0,0),(1413,98,9,'http://farm8.staticflickr.com/7161/6430213513_02b5542890_b.jpg','test','test',1370572630,'http://farm8.staticflickr.com/7161/6430213513_02b5542890_n.jpg',0,0),(1414,98,9,'http://farm4.staticflickr.com/3413/3544044637_208058c8b4_o.jpg','test','test',1370572630,'http://farm4.staticflickr.com/3413/3544044637_9a9a491978_m.jpg',0,0),(1415,98,9,'http://farm9.staticflickr.com/8450/8014700704_c1ac5e6e9b_z.jpg','test','test',1370572630,'http://farm9.staticflickr.com/8450/8014700704_c1ac5e6e9b_m.jpg',0,0),(1416,98,9,'http://farm5.staticflickr.com/4135/4852548105_f47030ce09_o.jpg','test','test',1370572630,'http://farm5.staticflickr.com/4135/4852548105_041d544a61_n.jpg',0,0),(1417,98,9,'http://farm5.staticflickr.com/4135/4852548105_f47030ce09_o.jpg','test','test',1370572630,'http://farm5.staticflickr.com/4135/4852548105_041d544a61_n.jpg',0,0),(1418,99,35,'http://farm8.staticflickr.com/7161/6430213513_02b5542890_b.jpg','test','test',1370572630,'http://farm8.staticflickr.com/7161/6430213513_02b5542890_n.jpg',0,0),(1419,99,35,'http://farm8.staticflickr.com/7161/6430213513_02b5542890_b.jpg','test','test',1370572630,'http://farm8.staticflickr.com/7161/6430213513_02b5542890_n.jpg',0,0),(1420,99,35,'http://farm4.staticflickr.com/3413/3544044637_208058c8b4_o.jpg','test','test',1370572630,'http://farm4.staticflickr.com/3413/3544044637_9a9a491978_m.jpg',0,0),(1421,99,35,'http://farm4.staticflickr.com/3413/3544044637_208058c8b4_o.jpg','test','test',1370572630,'http://farm4.staticflickr.com/3413/3544044637_9a9a491978_m.jpg',0,0),(1422,99,35,'http://farm4.staticflickr.com/3413/3544044637_208058c8b4_o.jpg','test','test',1370572630,'http://farm4.staticflickr.com/3413/3544044637_9a9a491978_m.jpg',0,0),(1423,99,35,'http://farm4.staticflickr.com/3413/3544044637_208058c8b4_o.jpg','test','test',1370572630,'http://farm4.staticflickr.com/3413/3544044637_9a9a491978_m.jpg',0,0),(1424,99,35,'http://farm8.staticflickr.com/7173/6430214673_6a80d19700_b.jpg','test','test',1370572630,'http://farm8.staticflickr.com/7173/6430214673_6a80d19700_m.jpg',0,0),(1425,99,17,'http://farm5.staticflickr.com/4135/4852548105_f47030ce09_o.jpg','test','test',1370572630,'http://farm5.staticflickr.com/4135/4852548105_041d544a61_n.jpg',0,0),(1426,99,17,'http://farm8.staticflickr.com/7161/6430213513_02b5542890_b.jpg','test','test',1370572630,'http://farm8.staticflickr.com/7161/6430213513_02b5542890_n.jpg',0,0),(1427,99,17,'http://farm8.staticflickr.com/7173/6430214673_6a80d19700_b.jpg','test','test',1370572630,'http://farm8.staticflickr.com/7173/6430214673_6a80d19700_m.jpg',0,0),(1428,99,17,'http://farm8.staticflickr.com/7173/6430214673_6a80d19700_b.jpg','test','test',1370572630,'http://farm8.staticflickr.com/7173/6430214673_6a80d19700_m.jpg',0,0),(1429,99,17,'http://farm8.staticflickr.com/7161/6430213513_02b5542890_b.jpg','test','test',1370572630,'http://farm8.staticflickr.com/7161/6430213513_02b5542890_n.jpg',0,0),(1430,99,17,'http://farm8.staticflickr.com/7173/6430214673_6a80d19700_b.jpg','test','test',1370572630,'http://farm8.staticflickr.com/7173/6430214673_6a80d19700_m.jpg',0,0),(1431,99,17,'http://farm5.staticflickr.com/4135/4852548105_f47030ce09_o.jpg','test','test',1370572630,'http://farm5.staticflickr.com/4135/4852548105_041d544a61_n.jpg',0,0),(1432,1,5,'http://farm9.staticflickr.com/8450/8014700704_c1ac5e6e9b_z.jpg','test','test',1370572630,'http://farm9.staticflickr.com/8450/8014700704_c1ac5e6e9b_m.jpg',0,0),(1433,1,5,'http://farm8.staticflickr.com/7173/6430214673_6a80d19700_b.jpg','test','test',1370572630,'http://farm8.staticflickr.com/7173/6430214673_6a80d19700_m.jpg',0,0),(1434,1,5,'http://farm8.staticflickr.com/7161/6430213513_02b5542890_b.jpg','test','test',1370572630,'http://farm8.staticflickr.com/7161/6430213513_02b5542890_n.jpg',0,0),(1435,1,5,'http://farm9.staticflickr.com/8450/8014700704_c1ac5e6e9b_z.jpg','test','test',1370572630,'http://farm9.staticflickr.com/8450/8014700704_c1ac5e6e9b_m.jpg',0,0),(1436,1,5,'http://farm8.staticflickr.com/7173/6430214673_6a80d19700_b.jpg','test','test',1370572630,'http://farm8.staticflickr.com/7173/6430214673_6a80d19700_m.jpg',0,0),(1437,1,5,'http://farm4.staticflickr.com/3413/3544044637_208058c8b4_o.jpg','test','test',1370572630,'http://farm4.staticflickr.com/3413/3544044637_9a9a491978_m.jpg',0,0),(1438,1,5,'http://farm4.staticflickr.com/3413/3544044637_208058c8b4_o.jpg','test','test',1370572630,'http://farm4.staticflickr.com/3413/3544044637_9a9a491978_m.jpg',0,0),(1446,4,1,'http://farm5.staticflickr.com/4135/4852548105_f47030ce09_o.jpg','test','test',1370572630,'http://farm5.staticflickr.com/4135/4852548105_041d544a61_n.jpg',0,0),(1447,4,1,'http://farm8.staticflickr.com/7173/6430214673_6a80d19700_b.jpg','test','test',1370572630,'http://farm8.staticflickr.com/7173/6430214673_6a80d19700_m.jpg',0,0),(1448,4,1,'http://farm8.staticflickr.com/7173/6430214673_6a80d19700_b.jpg','test','test',1370572630,'http://farm8.staticflickr.com/7173/6430214673_6a80d19700_m.jpg',0,0),(1449,4,1,'http://farm9.staticflickr.com/8450/8014700704_c1ac5e6e9b_z.jpg','test','test',1370572630,'http://farm9.staticflickr.com/8450/8014700704_c1ac5e6e9b_m.jpg',0,0),(1450,4,1,'http://farm4.staticflickr.com/3413/3544044637_208058c8b4_o.jpg','test','test',1370572630,'http://farm4.staticflickr.com/3413/3544044637_9a9a491978_m.jpg',0,0),(1451,4,1,'http://farm8.staticflickr.com/7161/6430213513_02b5542890_b.jpg','test','test',1370572630,'http://farm8.staticflickr.com/7161/6430213513_02b5542890_n.jpg',0,0),(1452,4,1,'http://farm8.staticflickr.com/7173/6430214673_6a80d19700_b.jpg','test','test',1370572630,'http://farm8.staticflickr.com/7173/6430214673_6a80d19700_m.jpg',0,0),(1453,7,1,'http://farm9.staticflickr.com/8450/8014700704_c1ac5e6e9b_z.jpg','test','test',1370572630,'http://farm9.staticflickr.com/8450/8014700704_c1ac5e6e9b_m.jpg',0,0),(1454,7,1,'http://farm8.staticflickr.com/7173/6430214673_6a80d19700_b.jpg','test','test',1370572630,'http://farm8.staticflickr.com/7173/6430214673_6a80d19700_m.jpg',0,0),(1455,7,1,'http://farm8.staticflickr.com/7173/6430214673_6a80d19700_b.jpg','test','test',1370572630,'http://farm8.staticflickr.com/7173/6430214673_6a80d19700_m.jpg',0,0),(1456,7,1,'http://farm8.staticflickr.com/7173/6430214673_6a80d19700_b.jpg','test','test',1370572630,'http://farm8.staticflickr.com/7173/6430214673_6a80d19700_m.jpg',0,0),(1457,7,1,'http://farm5.staticflickr.com/4135/4852548105_f47030ce09_o.jpg','test','test',1370572630,'http://farm5.staticflickr.com/4135/4852548105_041d544a61_n.jpg',0,0),(1458,7,1,'http://farm9.staticflickr.com/8450/8014700704_c1ac5e6e9b_z.jpg','test','test',1370572630,'http://farm9.staticflickr.com/8450/8014700704_c1ac5e6e9b_m.jpg',0,0),(1459,7,1,'http://farm8.staticflickr.com/7173/6430214673_6a80d19700_b.jpg','test','test',1370572630,'http://farm8.staticflickr.com/7173/6430214673_6a80d19700_m.jpg',0,0),(1467,1,7,'http://localhost:8090/photo/7/image_1_1371360308437.png','白羊座小葛','表演活动',1371360415,'http://localhost:8090/photo/7/thumb_1_1371360308437.jpg',0,0),(1468,1,7,'http://localhost:8090/photo/7/image_1_1371360309932.png','白羊座小葛','表演活动',1371360416,'http://localhost:8090/photo/7/thumb_1_1371360309932.jpg',0,0),(1469,1,7,'http://localhost:8090/photo/7/image_1_1371360310248.jpg','白羊座小葛','表演活动',1371360417,'http://localhost:8090/photo/7/thumb_1_1371360310248.png',0,0),(1470,1,3,'http://localhost:8090/photo/3/image_1_1371360340232.png','白羊座小葛','微电影招募',1371360418,'http://localhost:8090/photo/3/thumb_1_1371360340232.jpg',0,0),(1471,1,3,'http://localhost:8090/photo/3/image_1_1371360341803.png','白羊座小葛','微电影招募',1371360419,'http://localhost:8090/photo/3/thumb_1_1371360341803.jpg',0,0),(1472,1,6,'http://localhost:8090/photo/6/image_1_1371360351315.png','白羊座小葛','表演活动',1371360430,'http://localhost:8090/photo/6/thumb_1_1371360351315.jpg',0,0),(1473,1,6,'http://localhost:8090/photo/6/image_1_1371360352532.png','白羊座小葛','表演活动',1371360435,'http://localhost:8090/photo/6/thumb_1_1371360352532.jpg',0,0),(1474,1,8,'http://localhost:8090/photo/8/image_1_1371360415130.png','白羊座小葛','test',1371360415,'http://localhost:8090/photo/8/thumb_1_1371360415130.jpg',0,0),(1475,1,8,'http://localhost:8090/photo/8/image_1_1371360416116.png','白羊座小葛','test',1371360425,'http://localhost:8090/photo/8/thumb_1_1371360416116.jpg',0,0),(1476,1,8,'http://localhost:8090/photo/8/image_1_137136041717.jpg','白羊座小葛','test',1371360435,'http://localhost:8090/photo/8/thumb_1_137136041717.png',0,0);
/*!40000 ALTER TABLE `photo` ENABLE KEYS */;
UNLOCK TABLES;

--
-- Table structure for table `photo_view`
--

DROP TABLE IF EXISTS `photo_view`;
/*!40101 SET @saved_cs_client     = @@character_set_client */;
/*!40101 SET character_set_client = utf8 */;
CREATE TABLE `photo_view` (
  `id` int(11) NOT NULL AUTO_INCREMENT,
  `photo_id` int(11) NOT NULL,
  `user_id` int(11) NOT NULL,
  `view_time` int(11) DEFAULT NULL,
  `view_number` int(11) DEFAULT '0',
  PRIMARY KEY (`id`)
) ENGINE=InnoDB AUTO_INCREMENT=4 DEFAULT CHARSET=utf8;
/*!40101 SET character_set_client = @saved_cs_client */;

--
-- Dumping data for table `photo_view`
--

LOCK TABLES `photo_view` WRITE;
/*!40000 ALTER TABLE `photo_view` DISABLE KEYS */;
INSERT INTO `photo_view` VALUES (1,1,1,1370664000,4),(2,4,1,1370664000,4),(3,3,1,1370664000,2);
/*!40000 ALTER TABLE `photo_view` ENABLE KEYS */;
UNLOCK TABLES;

--
-- Table structure for table `photo_vote`
--

DROP TABLE IF EXISTS `photo_vote`;
/*!40101 SET @saved_cs_client     = @@character_set_client */;
/*!40101 SET character_set_client = utf8 */;
CREATE TABLE `photo_vote` (
  `photo_id` int(11) NOT NULL,
  `user_id` int(11) NOT NULL,
  PRIMARY KEY (`photo_id`,`user_id`)
) ENGINE=InnoDB DEFAULT CHARSET=utf8;
/*!40101 SET character_set_client = @saved_cs_client */;

--
-- Dumping data for table `photo_vote`
--

LOCK TABLES `photo_vote` WRITE;
/*!40000 ALTER TABLE `photo_vote` DISABLE KEYS */;
INSERT INTO `photo_vote` VALUES (1,1),(2,1),(3,1),(4,1);
/*!40000 ALTER TABLE `photo_vote` ENABLE KEYS */;
UNLOCK TABLES;

--
-- Table structure for table `star`
--

DROP TABLE IF EXISTS `star`;
/*!40101 SET @saved_cs_client     = @@character_set_client */;
/*!40101 SET character_set_client = utf8 */;
CREATE TABLE `star` (
  `user_id` int(11) NOT NULL,
  `act_id` int(11) NOT NULL,
  `act_vote` int(11) NOT NULL DEFAULT '0',
  `act_view` int(11) NOT NULL DEFAULT '0',
  `act_score` int(11) NOT NULL DEFAULT '0',
  `poster_url` varchar(150) DEFAULT NULL,
  `user_name` varchar(25) NOT NULL,
  `time` int(11) NOT NULL,
  PRIMARY KEY (`user_id`,`act_id`)
) ENGINE=InnoDB DEFAULT CHARSET=utf8;
/*!40101 SET character_set_client = @saved_cs_client */;

--
-- Dumping data for table `star`
--

LOCK TABLES `star` WRITE;
/*!40000 ALTER TABLE `star` DISABLE KEYS */;
INSERT INTO `star` VALUES (1,4,5,10,60,'http://localhost:8090/poster/1_4_13713728708159.png','白羊座小葛',1372139830),(14,29,0,0,0,NULL,'test',1372139830),(43,1,0,0,0,'http://localhost:8090/poster/43_1_1371373492207.jpg','test',1372139830),(51,4,0,0,0,'http://localhost:8090/poster/51_4_13713730837181.jpg','test',1372139830),(100,4,0,0,0,'http://localhost:8090/poster/100_4_13713730038367.jpeg','菡萏',1372139830);
/*!40000 ALTER TABLE `star` ENABLE KEYS */;
UNLOCK TABLES;

--
-- Table structure for table `user`
--

DROP TABLE IF EXISTS `user`;
/*!40101 SET @saved_cs_client     = @@character_set_client */;
/*!40101 SET character_set_client = utf8 */;
CREATE TABLE `user` (
  `user_id` int(11) NOT NULL AUTO_INCREMENT,
  `level` int(11) DEFAULT '0',
  `email` varchar(30) DEFAULT NULL,
  `phone` varchar(20) DEFAULT NULL,
  `password` varchar(32) NOT NULL,
  `nick_name` varchar(25) DEFAULT NULL,
  `real_name` varchar(10) DEFAULT NULL,
  `sex` tinyint(4) DEFAULT '0',
  `constellation` tinyint(4) DEFAULT '0',
  `birthday` int(11) DEFAULT NULL,
  `personalsay` varchar(50) DEFAULT NULL,
  `company` varchar(35) DEFAULT NULL,
  `hobby` varchar(45) DEFAULT NULL,
  `big_avatar` varchar(150) DEFAULT NULL,
  `small_avatar` varchar(150) DEFAULT NULL,
  `image_server` varchar(100) DEFAULT NULL,
  `fan_number` int(11) DEFAULT '0',
  `friend_number` int(11) DEFAULT '0',
  `view_number` int(11) DEFAULT '0',
  `follow_number` int(11) DEFAULT '0',
  PRIMARY KEY (`user_id`),
  UNIQUE KEY `email_UNIQUE` (`email`),
  UNIQUE KEY `phone_UNIQUE` (`phone`),
  UNIQUE KEY `nick_name_UNIQUE` (`nick_name`)
) ENGINE=InnoDB AUTO_INCREMENT=101 DEFAULT CHARSET=utf8;
/*!40101 SET character_set_client = @saved_cs_client */;

--
-- Dumping data for table `user`
--

LOCK TABLES `user` WRITE;
/*!40000 ALTER TABLE `user` DISABLE KEYS */;
INSERT INTO `user` VALUES (1,1,'abraham1@163.com','15195908816','5f33d6eabf3079dfe84e772bec4679c3','白羊座小葛',NULL,0,3,639014400,NULL,'中华人民共和国','吃，吃，吃，吃，吃，吃，吃，吃，吃，吃，吃，吃，吃，吃，吃，吃，吃，吃，吃，吃，吃，吃，吃','http://localhost:8090/avatar/large_1_1370536464751357.jpg','http://localhost:8090/avatar/small_1_1370536464751357.jpg','http://localhost:8089',86,3,0,0),(4,1,'k@k.com',NULL,'5f33d6eabf3079dfe84e772bec4679c3','kankan',NULL,0,0,670550400,NULL,NULL,NULL,NULL,NULL,'http://localhost:8089',0,0,0,0),(5,1,'test1@kankan.com',NULL,'0fe0b0138684873d1164d406f2b80d02','test1',NULL,0,0,607478400,NULL,'南京大学',NULL,NULL,NULL,'http://localhost:8089',0,0,0,0),(6,1,'test6@kankan.com',NULL,'0fe0b0138684873d1164d406f2b80d02','test6',NULL,0,0,NULL,NULL,NULL,NULL,NULL,NULL,'http://localhost:8089',0,0,0,0),(7,1,'test7@kankan.com',NULL,'0fe0b0138684873d1164d406f2b80d02','test7',NULL,0,0,NULL,NULL,NULL,NULL,NULL,NULL,'http://localhost:8089',0,0,0,0),(8,1,'test8@kankan.com',NULL,'0fe0b0138684873d1164d406f2b80d02','test8',NULL,0,0,NULL,NULL,NULL,NULL,NULL,NULL,'http://localhost:8089',0,0,0,0),(9,1,'test9@kankan.com',NULL,'0fe0b0138684873d1164d406f2b80d02','test9',NULL,0,0,NULL,NULL,NULL,NULL,NULL,NULL,'http://localhost:8089',0,0,0,0),(10,1,'test10@kankan.com',NULL,'0fe0b0138684873d1164d406f2b80d02','test10',NULL,0,0,NULL,NULL,NULL,NULL,NULL,NULL,'http://localhost:8089',0,0,0,0),(11,1,'test11@kankan.com',NULL,'0fe0b0138684873d1164d406f2b80d02','test11',NULL,0,0,NULL,NULL,NULL,NULL,NULL,NULL,'http://localhost:8089',0,0,0,0),(12,1,'test12@kankan.com',NULL,'0fe0b0138684873d1164d406f2b80d02','test12',NULL,0,0,NULL,NULL,NULL,NULL,NULL,NULL,'http://localhost:8089',0,0,0,0),(13,1,'test13@kankan.com',NULL,'0fe0b0138684873d1164d406f2b80d02','test13',NULL,0,0,NULL,NULL,NULL,NULL,NULL,NULL,'http://localhost:8089',0,0,0,0),(14,1,'test14@kankan.com',NULL,'0fe0b0138684873d1164d406f2b80d02','test14',NULL,0,0,NULL,NULL,NULL,NULL,NULL,NULL,'http://localhost:8089',0,0,0,0),(15,1,'test15@kankan.com',NULL,'0fe0b0138684873d1164d406f2b80d02','test15',NULL,0,0,NULL,NULL,NULL,NULL,NULL,NULL,'http://localhost:8089',0,0,0,0),(16,1,'test16@kankan.com',NULL,'0fe0b0138684873d1164d406f2b80d02','test16',NULL,0,0,NULL,NULL,NULL,NULL,NULL,NULL,'http://localhost:8089',0,0,0,0),(17,1,'test17@kankan.com',NULL,'0fe0b0138684873d1164d406f2b80d02','test17',NULL,0,0,NULL,NULL,NULL,NULL,NULL,NULL,'http://localhost:8089',0,0,0,0),(18,1,'test18@kankan.com',NULL,'0fe0b0138684873d1164d406f2b80d02','test18',NULL,0,0,NULL,NULL,NULL,NULL,NULL,NULL,'http://localhost:8089',0,0,0,0),(19,1,'test19@kankan.com',NULL,'0fe0b0138684873d1164d406f2b80d02','test19',NULL,0,0,NULL,NULL,NULL,NULL,NULL,NULL,'http://localhost:8089',0,0,0,0),(20,1,'test20@kankan.com',NULL,'0fe0b0138684873d1164d406f2b80d02','test20',NULL,0,0,NULL,NULL,NULL,NULL,NULL,NULL,'http://localhost:8089',0,0,0,0),(21,1,'test21@kankan.com',NULL,'0fe0b0138684873d1164d406f2b80d02','test21',NULL,0,0,NULL,NULL,NULL,NULL,NULL,NULL,'http://localhost:8089',0,0,0,0),(22,1,'test22@kankan.com',NULL,'0fe0b0138684873d1164d406f2b80d02','test22',NULL,0,0,NULL,NULL,NULL,NULL,NULL,NULL,'http://localhost:8089',0,0,0,0),(23,1,'test23@kankan.com',NULL,'0fe0b0138684873d1164d406f2b80d02','test23',NULL,0,0,NULL,NULL,NULL,NULL,NULL,NULL,'http://localhost:8089',0,1,0,0),(24,1,'test24@kankan.com',NULL,'0fe0b0138684873d1164d406f2b80d02','test24',NULL,0,0,NULL,NULL,NULL,NULL,NULL,NULL,'http://localhost:8089',0,0,0,0),(25,1,'test25@kankan.com',NULL,'0fe0b0138684873d1164d406f2b80d02','test25',NULL,0,0,NULL,NULL,NULL,NULL,NULL,NULL,'http://localhost:8089',0,0,0,0),(26,1,'test26@kankan.com',NULL,'0fe0b0138684873d1164d406f2b80d02','test26',NULL,0,0,NULL,NULL,NULL,NULL,NULL,NULL,'http://localhost:8089',0,0,0,0),(27,1,'test27@kankan.com',NULL,'0fe0b0138684873d1164d406f2b80d02','test27',NULL,0,0,NULL,NULL,NULL,NULL,NULL,NULL,'http://localhost:8089',0,0,0,0),(28,1,'test28@kankan.com',NULL,'0fe0b0138684873d1164d406f2b80d02','test28',NULL,0,0,NULL,NULL,NULL,NULL,NULL,NULL,'http://localhost:8089',0,0,0,0),(29,1,'test29@kankan.com',NULL,'0fe0b0138684873d1164d406f2b80d02','test29',NULL,0,0,NULL,NULL,NULL,NULL,NULL,NULL,'http://localhost:8089',0,0,0,0),(30,1,'test30@kankan.com',NULL,'0fe0b0138684873d1164d406f2b80d02','test30',NULL,0,0,NULL,NULL,NULL,NULL,NULL,NULL,'http://localhost:8089',0,0,0,0),(31,1,'test31@kankan.com',NULL,'0fe0b0138684873d1164d406f2b80d02','test31',NULL,0,0,NULL,NULL,NULL,NULL,NULL,NULL,'http://localhost:8089',0,0,0,0),(32,1,'test32@kankan.com',NULL,'0fe0b0138684873d1164d406f2b80d02','test32',NULL,0,0,NULL,NULL,NULL,NULL,NULL,NULL,'http://localhost:8089',0,0,0,0),(33,1,'test33@kankan.com',NULL,'0fe0b0138684873d1164d406f2b80d02','test33',NULL,0,0,NULL,NULL,NULL,NULL,NULL,NULL,'http://localhost:8089',0,0,0,0),(34,1,'test34@kankan.com',NULL,'0fe0b0138684873d1164d406f2b80d02','test34',NULL,0,0,NULL,NULL,NULL,NULL,NULL,NULL,'http://localhost:8089',0,0,0,0),(35,1,'test35@kankan.com',NULL,'0fe0b0138684873d1164d406f2b80d02','test35',NULL,0,0,NULL,NULL,NULL,NULL,NULL,NULL,'http://localhost:8089',0,0,0,0),(36,1,'test36@kankan.com',NULL,'0fe0b0138684873d1164d406f2b80d02','test36',NULL,0,0,NULL,NULL,NULL,NULL,NULL,NULL,'http://localhost:8089',0,0,0,0),(37,1,'test37@kankan.com',NULL,'0fe0b0138684873d1164d406f2b80d02','test37',NULL,0,0,NULL,NULL,NULL,NULL,NULL,NULL,'http://localhost:8089',0,0,0,0),(38,1,'test38@kankan.com',NULL,'0fe0b0138684873d1164d406f2b80d02','test38',NULL,0,0,NULL,NULL,NULL,NULL,NULL,NULL,'http://localhost:8089',0,0,0,0),(39,1,'test39@kankan.com',NULL,'0fe0b0138684873d1164d406f2b80d02','test39',NULL,0,0,NULL,NULL,NULL,NULL,NULL,NULL,'http://localhost:8089',0,0,0,0),(40,1,'test40@kankan.com',NULL,'0fe0b0138684873d1164d406f2b80d02','test40',NULL,0,0,NULL,NULL,NULL,NULL,NULL,NULL,'http://localhost:8089',0,0,0,0),(41,1,'test41@kankan.com',NULL,'0fe0b0138684873d1164d406f2b80d02','test41',NULL,0,0,NULL,NULL,NULL,NULL,NULL,NULL,'http://localhost:8089',0,0,0,0),(42,1,'test42@kankan.com',NULL,'0fe0b0138684873d1164d406f2b80d02','test42',NULL,0,0,NULL,NULL,NULL,NULL,NULL,NULL,'http://localhost:8089',0,0,0,0),(43,1,'test43@kankan.com',NULL,'0fe0b0138684873d1164d406f2b80d02','test43',NULL,0,0,NULL,NULL,NULL,NULL,NULL,NULL,'http://localhost:8089',0,0,0,0),(44,1,'test44@kankan.com',NULL,'0fe0b0138684873d1164d406f2b80d02','test44',NULL,0,0,NULL,NULL,NULL,NULL,NULL,NULL,'http://localhost:8089',0,0,0,0),(45,1,'test45@kankan.com',NULL,'0fe0b0138684873d1164d406f2b80d02','test45',NULL,0,0,NULL,NULL,NULL,NULL,NULL,NULL,'http://localhost:8089',0,0,0,0),(46,1,'test46@kankan.com',NULL,'0fe0b0138684873d1164d406f2b80d02','test46',NULL,0,0,NULL,NULL,NULL,NULL,NULL,NULL,'http://localhost:8089',0,0,0,0),(47,1,'test47@kankan.com',NULL,'0fe0b0138684873d1164d406f2b80d02','test47',NULL,0,0,NULL,NULL,NULL,NULL,NULL,NULL,'http://localhost:8089',0,0,0,0),(48,1,'test48@kankan.com',NULL,'0fe0b0138684873d1164d406f2b80d02','test48',NULL,0,0,NULL,NULL,NULL,NULL,NULL,NULL,'http://localhost:8089',0,0,0,0),(49,1,'test49@kankan.com',NULL,'0fe0b0138684873d1164d406f2b80d02','test49',NULL,0,0,NULL,NULL,NULL,NULL,NULL,NULL,'http://localhost:8089',0,0,0,0),(50,1,'test50@kankan.com',NULL,'0fe0b0138684873d1164d406f2b80d02','test50',NULL,0,0,NULL,NULL,NULL,NULL,NULL,NULL,'http://localhost:8089',0,0,0,0),(51,1,'test51@kankan.com',NULL,'0fe0b0138684873d1164d406f2b80d02','test51',NULL,0,0,NULL,NULL,NULL,NULL,NULL,NULL,'http://localhost:8089',0,0,0,0),(52,1,'test52@kankan.com',NULL,'0fe0b0138684873d1164d406f2b80d02','test52',NULL,0,0,NULL,NULL,NULL,NULL,NULL,NULL,'http://localhost:8089',0,0,0,0),(53,1,'test53@kankan.com',NULL,'0fe0b0138684873d1164d406f2b80d02','test53',NULL,0,0,NULL,NULL,NULL,NULL,NULL,NULL,'http://localhost:8089',0,0,0,0),(54,1,'test54@kankan.com',NULL,'0fe0b0138684873d1164d406f2b80d02','test54',NULL,0,0,NULL,NULL,NULL,NULL,NULL,NULL,'http://localhost:8089',0,0,0,0),(55,1,'test55@kankan.com',NULL,'0fe0b0138684873d1164d406f2b80d02','test55',NULL,0,0,NULL,NULL,NULL,NULL,NULL,NULL,'http://localhost:8089',0,0,0,0),(56,1,'test56@kankan.com',NULL,'0fe0b0138684873d1164d406f2b80d02','test56',NULL,0,0,NULL,NULL,NULL,NULL,NULL,NULL,'http://localhost:8089',0,0,0,0),(57,1,'test57@kankan.com',NULL,'0fe0b0138684873d1164d406f2b80d02','test57',NULL,0,0,NULL,NULL,NULL,NULL,NULL,NULL,'http://localhost:8089',0,0,0,0),(58,1,'test58@kankan.com',NULL,'0fe0b0138684873d1164d406f2b80d02','test58',NULL,0,0,NULL,NULL,NULL,NULL,NULL,NULL,'http://localhost:8089',0,0,0,0),(59,1,'test59@kankan.com',NULL,'0fe0b0138684873d1164d406f2b80d02','test59',NULL,0,0,NULL,NULL,NULL,NULL,NULL,NULL,'http://localhost:8089',0,0,0,0),(60,1,'test60@kankan.com',NULL,'0fe0b0138684873d1164d406f2b80d02','test60',NULL,0,0,NULL,NULL,NULL,NULL,NULL,NULL,'http://localhost:8089',0,0,0,0),(61,1,'test61@kankan.com',NULL,'0fe0b0138684873d1164d406f2b80d02','test61',NULL,0,0,NULL,NULL,NULL,NULL,NULL,NULL,'http://localhost:8089',0,0,0,0),(62,1,'test62@kankan.com',NULL,'0fe0b0138684873d1164d406f2b80d02','test62',NULL,0,0,NULL,NULL,NULL,NULL,NULL,NULL,'http://localhost:8089',0,0,0,0),(63,1,'test63@kankan.com',NULL,'0fe0b0138684873d1164d406f2b80d02','test63',NULL,0,0,NULL,NULL,NULL,NULL,NULL,NULL,'http://localhost:8089',0,0,0,0),(64,1,'test64@kankan.com',NULL,'0fe0b0138684873d1164d406f2b80d02','test64',NULL,0,0,NULL,NULL,NULL,NULL,NULL,NULL,'http://localhost:8089',0,0,0,0),(65,1,'test65@kankan.com',NULL,'0fe0b0138684873d1164d406f2b80d02','test65',NULL,0,0,NULL,NULL,NULL,NULL,NULL,NULL,'http://localhost:8089',0,0,0,0),(66,1,'test66@kankan.com',NULL,'0fe0b0138684873d1164d406f2b80d02','test66',NULL,0,0,NULL,NULL,NULL,NULL,NULL,NULL,'http://localhost:8089',0,0,0,0),(67,1,'test67@kankan.com',NULL,'0fe0b0138684873d1164d406f2b80d02','test67',NULL,0,0,NULL,NULL,NULL,NULL,NULL,NULL,'http://localhost:8089',0,0,0,0),(68,1,'test68@kankan.com',NULL,'0fe0b0138684873d1164d406f2b80d02','test68',NULL,0,0,NULL,NULL,NULL,NULL,NULL,NULL,'http://localhost:8089',0,0,0,0),(69,1,'test69@kankan.com',NULL,'0fe0b0138684873d1164d406f2b80d02','test69',NULL,0,0,NULL,NULL,NULL,NULL,NULL,NULL,'http://localhost:8089',0,0,0,0),(70,1,'test70@kankan.com',NULL,'0fe0b0138684873d1164d406f2b80d02','test70',NULL,0,0,NULL,NULL,NULL,NULL,NULL,NULL,'http://localhost:8089',0,0,0,0),(71,1,'test71@kankan.com',NULL,'0fe0b0138684873d1164d406f2b80d02','test71',NULL,0,0,NULL,NULL,NULL,NULL,NULL,NULL,'http://localhost:8089',0,0,0,0),(72,1,'test72@kankan.com',NULL,'0fe0b0138684873d1164d406f2b80d02','test72',NULL,0,0,NULL,NULL,NULL,NULL,NULL,NULL,'http://localhost:8089',0,0,0,0),(73,1,'test73@kankan.com',NULL,'0fe0b0138684873d1164d406f2b80d02','test73',NULL,0,0,NULL,NULL,NULL,NULL,NULL,NULL,'http://localhost:8089',0,0,0,0),(74,1,'test74@kankan.com',NULL,'0fe0b0138684873d1164d406f2b80d02','test74',NULL,0,0,NULL,NULL,NULL,NULL,NULL,NULL,'http://localhost:8089',0,0,0,0),(75,1,'test75@kankan.com',NULL,'0fe0b0138684873d1164d406f2b80d02','test75',NULL,0,0,NULL,NULL,NULL,NULL,NULL,NULL,'http://localhost:8089',0,0,0,0),(76,1,'test76@kankan.com',NULL,'0fe0b0138684873d1164d406f2b80d02','test76',NULL,0,0,NULL,NULL,NULL,NULL,NULL,NULL,'http://localhost:8089',0,0,0,0),(77,1,'test77@kankan.com',NULL,'0fe0b0138684873d1164d406f2b80d02','test77',NULL,0,0,NULL,NULL,NULL,NULL,NULL,NULL,'http://localhost:8089',0,0,0,0),(78,1,'test78@kankan.com',NULL,'0fe0b0138684873d1164d406f2b80d02','test78',NULL,0,0,NULL,NULL,NULL,NULL,NULL,NULL,'http://localhost:8089',0,0,0,0),(79,1,'test79@kankan.com',NULL,'0fe0b0138684873d1164d406f2b80d02','test79',NULL,0,0,NULL,NULL,NULL,NULL,NULL,NULL,'http://localhost:8089',0,0,0,0),(80,1,'test80@kankan.com',NULL,'0fe0b0138684873d1164d406f2b80d02','test80',NULL,0,0,NULL,NULL,NULL,NULL,NULL,NULL,'http://localhost:8089',0,0,0,0),(81,1,'test81@kankan.com',NULL,'0fe0b0138684873d1164d406f2b80d02','test81',NULL,0,0,NULL,NULL,NULL,NULL,NULL,NULL,'http://localhost:8089',0,0,0,0),(82,1,'test82@kankan.com',NULL,'0fe0b0138684873d1164d406f2b80d02','test82',NULL,0,0,NULL,NULL,NULL,NULL,NULL,NULL,'http://localhost:8089',0,0,0,0),(83,1,'test83@kankan.com',NULL,'0fe0b0138684873d1164d406f2b80d02','test83',NULL,0,0,NULL,NULL,NULL,NULL,NULL,NULL,'http://localhost:8089',0,0,0,0),(84,1,'test84@kankan.com',NULL,'0fe0b0138684873d1164d406f2b80d02','test84',NULL,0,0,NULL,NULL,NULL,NULL,NULL,NULL,'http://localhost:8089',0,0,0,0),(85,1,'test85@kankan.com',NULL,'0fe0b0138684873d1164d406f2b80d02','test85',NULL,0,0,NULL,NULL,NULL,NULL,NULL,NULL,'http://localhost:8089',0,0,0,0),(86,1,'test86@kankan.com',NULL,'0fe0b0138684873d1164d406f2b80d02','test86',NULL,0,0,NULL,NULL,NULL,NULL,NULL,NULL,'http://localhost:8089',0,0,0,0),(87,1,'test87@kankan.com',NULL,'0fe0b0138684873d1164d406f2b80d02','test87',NULL,0,0,NULL,NULL,NULL,NULL,NULL,NULL,'http://localhost:8089',0,0,0,0),(88,1,'test88@kankan.com',NULL,'0fe0b0138684873d1164d406f2b80d02','test88',NULL,0,0,NULL,NULL,NULL,NULL,NULL,NULL,'http://localhost:8089',0,0,0,0),(89,1,'test89@kankan.com',NULL,'0fe0b0138684873d1164d406f2b80d02','test89',NULL,0,0,NULL,NULL,NULL,NULL,NULL,NULL,'http://localhost:8089',0,0,0,0),(90,1,'test90@kankan.com',NULL,'0fe0b0138684873d1164d406f2b80d02','test90',NULL,0,0,NULL,NULL,NULL,NULL,NULL,NULL,'http://localhost:8089',0,0,0,0),(91,1,'test91@kankan.com',NULL,'0fe0b0138684873d1164d406f2b80d02','test91',NULL,0,0,NULL,NULL,NULL,NULL,NULL,NULL,'http://localhost:8089',0,0,0,0),(92,1,'test92@kankan.com',NULL,'0fe0b0138684873d1164d406f2b80d02','test92',NULL,0,0,NULL,NULL,NULL,NULL,NULL,NULL,'http://localhost:8089',0,0,0,0),(93,1,'test93@kankan.com',NULL,'0fe0b0138684873d1164d406f2b80d02','test93',NULL,0,0,NULL,NULL,NULL,NULL,NULL,NULL,'http://localhost:8089',0,0,0,0),(94,1,'test94@kankan.com',NULL,'0fe0b0138684873d1164d406f2b80d02','test94',NULL,0,0,NULL,NULL,NULL,NULL,NULL,NULL,'http://localhost:8089',0,0,0,0),(95,1,'test95@kankan.com',NULL,'0fe0b0138684873d1164d406f2b80d02','test95',NULL,0,0,NULL,NULL,NULL,NULL,NULL,NULL,'http://localhost:8089',0,0,0,0),(96,1,'test96@kankan.com',NULL,'0fe0b0138684873d1164d406f2b80d02','test96',NULL,0,0,NULL,NULL,NULL,NULL,NULL,NULL,'http://localhost:8089',0,0,0,0),(97,1,'test97@kankan.com',NULL,'0fe0b0138684873d1164d406f2b80d02','test97',NULL,0,0,NULL,NULL,NULL,NULL,NULL,NULL,'http://localhost:8089',0,0,0,0),(98,1,'test98@kankan.com',NULL,'0fe0b0138684873d1164d406f2b80d02','test98',NULL,0,0,NULL,NULL,NULL,NULL,NULL,NULL,'http://localhost:8089',0,0,0,0),(99,1,'test99@kankan.com',NULL,'0fe0b0138684873d1164d406f2b80d02','test99',NULL,0,0,NULL,NULL,NULL,NULL,NULL,NULL,'http://localhost:8089',0,0,0,0),(100,1,'love@love.com',NULL,'5f33d6eabf3079dfe84e772bec4679c3','菡萏',NULL,1,0,NULL,NULL,NULL,NULL,'http://localhost:8090/avatar/large_100_1370571254323022.jpeg','http://localhost:8090/avatar/small_100_1370571254323022.jpg','http://localhost:8089',1,0,0,0);
/*!40000 ALTER TABLE `user` ENABLE KEYS */;
UNLOCK TABLES;

--
-- Table structure for table `user_active`
--

DROP TABLE IF EXISTS `user_active`;
/*!40101 SET @saved_cs_client     = @@character_set_client */;
/*!40101 SET character_set_client = utf8 */;
CREATE TABLE `user_active` (
  `user_id` int(11) NOT NULL,
  `act_id` int(11) NOT NULL,
  `photo_number` smallint(6) NOT NULL DEFAULT '0',
  `intro` varchar(300) DEFAULT NULL,
  `slogan` varchar(25) DEFAULT NULL,
  PRIMARY KEY (`user_id`,`act_id`),
  KEY `act_id_idx` (`act_id`),
  KEY `user_id_idx` (`user_id`),
  CONSTRAINT `act_id` FOREIGN KEY (`act_id`) REFERENCES `active` (`act_id`) ON DELETE NO ACTION ON UPDATE NO ACTION,
  CONSTRAINT `user_id` FOREIGN KEY (`user_id`) REFERENCES `user` (`user_id`) ON DELETE NO ACTION ON UPDATE NO ACTION
) ENGINE=InnoDB DEFAULT CHARSET=utf8;
/*!40101 SET character_set_client = @saved_cs_client */;

--
-- Dumping data for table `user_active`
--

LOCK TABLES `user_active` WRITE;
/*!40000 ALTER TABLE `user_active` DISABLE KEYS */;
INSERT INTO `user_active` VALUES (1,3,2,NULL,NULL),(1,4,9,NULL,'舍我其谁'),(1,5,7,NULL,NULL),(1,6,2,NULL,NULL),(1,7,3,NULL,NULL),(1,8,3,NULL,NULL),(4,1,7,NULL,NULL),(6,7,7,NULL,NULL),(6,17,7,NULL,NULL),(6,38,7,NULL,NULL),(6,40,7,NULL,NULL),(7,1,0,NULL,NULL),(7,3,7,NULL,NULL),(7,17,7,NULL,NULL),(7,35,7,NULL,NULL),(7,38,7,NULL,NULL),(8,20,7,NULL,NULL),(8,30,7,NULL,NULL),(8,37,7,NULL,NULL),(8,39,7,NULL,NULL),(9,6,7,NULL,NULL),(9,23,7,NULL,NULL),(9,34,7,NULL,NULL),(9,40,7,NULL,NULL),(10,11,7,NULL,NULL),(10,26,7,NULL,NULL),(10,35,7,NULL,NULL),(10,36,7,NULL,NULL),(11,13,7,NULL,NULL),(11,25,7,NULL,NULL),(11,37,7,NULL,NULL),(11,40,7,NULL,NULL),(12,25,7,NULL,NULL),(12,34,7,NULL,NULL),(12,35,7,NULL,NULL),(12,37,7,NULL,NULL),(13,8,7,NULL,NULL),(13,21,7,NULL,NULL),(13,34,7,NULL,NULL),(13,35,7,NULL,NULL),(14,3,7,NULL,NULL),(14,29,7,NULL,NULL),(14,36,7,NULL,NULL),(15,3,7,NULL,NULL),(15,36,7,NULL,NULL),(16,6,7,NULL,NULL),(16,8,7,NULL,NULL),(17,9,7,NULL,NULL),(17,29,7,NULL,NULL),(18,4,7,NULL,NULL),(18,6,7,NULL,NULL),(19,14,7,NULL,NULL),(19,33,7,NULL,NULL),(20,3,7,NULL,NULL),(20,28,7,NULL,NULL),(21,11,7,NULL,NULL),(21,32,7,NULL,NULL),(22,9,7,NULL,NULL),(22,36,7,NULL,NULL),(23,15,7,NULL,NULL),(23,17,7,NULL,NULL),(24,27,7,NULL,NULL),(24,35,7,NULL,NULL),(25,3,7,NULL,NULL),(25,4,7,NULL,NULL),(26,5,7,NULL,NULL),(26,13,7,NULL,NULL),(27,35,7,NULL,NULL),(27,39,7,NULL,NULL),(28,31,7,NULL,NULL),(28,32,7,NULL,NULL),(29,16,7,NULL,NULL),(29,33,7,NULL,NULL),(30,29,7,NULL,NULL),(30,33,7,NULL,NULL),(31,17,7,NULL,NULL),(31,23,7,NULL,NULL),(32,21,7,NULL,NULL),(32,36,7,NULL,NULL),(33,40,7,NULL,NULL),(34,2,7,NULL,NULL),(34,29,7,NULL,NULL),(35,15,7,NULL,NULL),(35,32,7,NULL,NULL),(36,17,7,NULL,NULL),(36,24,7,NULL,NULL),(37,3,7,NULL,NULL),(37,6,7,NULL,NULL),(38,4,7,NULL,NULL),(38,38,7,NULL,NULL),(39,27,7,NULL,NULL),(39,35,7,NULL,NULL),(40,5,7,NULL,NULL),(40,30,7,NULL,NULL),(41,9,7,NULL,NULL),(41,13,7,NULL,NULL),(42,13,7,NULL,NULL),(42,21,7,NULL,NULL),(43,1,7,NULL,NULL),(43,39,7,NULL,NULL),(44,2,7,NULL,NULL),(44,19,7,NULL,NULL),(45,12,7,NULL,NULL),(45,22,7,NULL,NULL),(46,16,7,NULL,NULL),(46,17,7,NULL,NULL),(47,4,7,NULL,NULL),(47,7,7,NULL,NULL),(48,10,7,NULL,NULL),(48,13,7,NULL,NULL),(49,23,7,NULL,NULL),(49,30,7,NULL,NULL),(50,27,7,NULL,NULL),(50,34,7,NULL,NULL),(51,4,7,NULL,NULL),(51,13,7,NULL,NULL),(52,1,7,NULL,NULL),(52,3,7,NULL,NULL),(53,34,7,NULL,NULL),(54,2,7,NULL,NULL),(54,19,7,NULL,NULL),(55,28,7,NULL,NULL),(55,34,7,NULL,NULL),(56,15,7,NULL,NULL),(56,36,7,NULL,NULL),(57,26,7,NULL,NULL),(57,34,7,NULL,NULL),(58,9,7,NULL,NULL),(58,17,7,NULL,NULL),(59,12,7,NULL,NULL),(59,28,7,NULL,NULL),(60,16,7,NULL,NULL),(60,39,7,NULL,NULL),(61,9,7,NULL,NULL),(61,12,7,NULL,NULL),(62,19,7,NULL,NULL),(62,22,7,NULL,NULL),(63,22,7,NULL,NULL),(63,38,7,NULL,NULL),(64,5,7,NULL,NULL),(64,38,7,NULL,NULL),(65,17,7,NULL,NULL),(65,19,7,NULL,NULL),(66,10,7,NULL,NULL),(66,22,7,NULL,NULL),(67,9,7,NULL,NULL),(67,26,7,NULL,NULL),(68,8,7,NULL,NULL),(68,14,7,NULL,NULL),(69,12,7,NULL,NULL),(69,35,7,NULL,NULL),(70,1,7,NULL,NULL),(70,16,7,NULL,NULL),(71,5,7,NULL,NULL),(71,29,7,NULL,NULL),(72,30,7,NULL,NULL),(72,35,7,NULL,NULL),(73,11,7,NULL,NULL),(74,2,7,NULL,NULL),(74,16,7,NULL,NULL),(75,1,7,NULL,NULL),(75,17,7,NULL,NULL),(76,28,7,NULL,NULL),(76,38,7,NULL,NULL),(77,13,7,NULL,NULL),(77,28,7,NULL,NULL),(78,8,7,NULL,NULL),(78,32,7,NULL,NULL),(79,26,7,NULL,NULL),(79,28,7,NULL,NULL),(80,9,7,NULL,NULL),(80,36,7,NULL,NULL),(81,21,7,NULL,NULL),(81,29,7,NULL,NULL),(82,6,7,NULL,NULL),(82,12,7,NULL,NULL),(83,1,7,NULL,NULL),(83,34,7,NULL,NULL),(84,10,7,NULL,NULL),(84,17,7,NULL,NULL),(85,33,7,NULL,NULL),(85,36,7,NULL,NULL),(86,12,7,NULL,NULL),(86,38,7,NULL,NULL),(87,3,7,NULL,NULL),(87,16,7,NULL,NULL),(88,9,7,NULL,NULL),(88,15,7,NULL,NULL),(89,14,7,NULL,NULL),(89,27,7,NULL,NULL),(90,3,7,NULL,NULL),(90,20,7,NULL,NULL),(91,5,7,NULL,NULL),(91,13,7,NULL,NULL),(92,20,7,NULL,NULL),(92,23,7,NULL,NULL),(93,27,7,NULL,NULL),(93,34,7,NULL,NULL),(94,12,7,NULL,NULL),(94,28,7,NULL,NULL),(95,34,7,NULL,NULL),(95,36,7,NULL,NULL),(96,35,7,NULL,NULL),(96,39,7,NULL,NULL),(97,1,7,NULL,NULL),(97,29,7,NULL,NULL),(98,8,7,NULL,NULL),(98,9,7,NULL,NULL),(99,17,7,NULL,NULL),(99,35,7,NULL,NULL),(100,4,5,NULL,NULL);
/*!40000 ALTER TABLE `user_active` ENABLE KEYS */;
UNLOCK TABLES;

--
-- Table structure for table `user_fan`
--

DROP TABLE IF EXISTS `user_fan`;
/*!40101 SET @saved_cs_client     = @@character_set_client */;
/*!40101 SET character_set_client = utf8 */;
CREATE TABLE `user_fan` (
  `user_id` int(11) NOT NULL,
  `fan_id` int(11) NOT NULL,
  PRIMARY KEY (`user_id`,`fan_id`)
) ENGINE=InnoDB DEFAULT CHARSET=utf8;
/*!40101 SET character_set_client = @saved_cs_client */;

--
-- Dumping data for table `user_fan`
--

LOCK TABLES `user_fan` WRITE;
/*!40000 ALTER TABLE `user_fan` DISABLE KEYS */;
INSERT INTO `user_fan` VALUES (1,4),(1,6),(1,7),(1,8),(1,9),(1,10),(1,11),(1,12),(1,13),(1,14),(1,15),(1,16),(1,17),(1,18),(1,19),(1,20),(1,21),(1,22),(1,23),(1,24),(1,25),(1,26),(1,27),(1,28),(1,29),(1,30),(1,31),(1,32),(1,33),(1,34),(1,35),(1,36),(1,37),(1,38),(1,39),(1,40),(1,41),(1,42),(1,43),(1,44),(1,45),(1,46),(1,47),(1,48),(1,49),(1,50),(1,51),(1,52),(1,53),(1,54),(1,55),(1,56),(1,57),(1,58),(1,59),(1,60),(1,61),(1,62),(1,63),(1,64),(1,65),(1,66),(1,67),(1,68),(1,69),(1,70),(1,71),(1,72),(1,73),(1,74),(1,75),(1,76),(1,77),(1,78),(1,79),(1,80),(1,81),(1,82),(1,83),(1,84),(1,85),(1,86),(1,87),(1,88),(1,89),(100,1);
/*!40000 ALTER TABLE `user_fan` ENABLE KEYS */;
UNLOCK TABLES;

--
-- Table structure for table `user_friend`
--

DROP TABLE IF EXISTS `user_friend`;
/*!40101 SET @saved_cs_client     = @@character_set_client */;
/*!40101 SET character_set_client = utf8 */;
CREATE TABLE `user_friend` (
  `user_id_1` int(11) NOT NULL,
  `user_id_2` int(11) NOT NULL,
  PRIMARY KEY (`user_id_1`,`user_id_2`)
) ENGINE=InnoDB DEFAULT CHARSET=utf8;
/*!40101 SET character_set_client = @saved_cs_client */;

--
-- Dumping data for table `user_friend`
--

LOCK TABLES `user_friend` WRITE;
/*!40000 ALTER TABLE `user_friend` DISABLE KEYS */;
INSERT INTO `user_friend` VALUES (1,4),(1,23),(1,100),(4,11),(4,12),(4,13),(4,14),(4,15),(4,16),(4,17),(4,18),(4,19),(4,20),(4,21),(4,22),(4,23),(4,24),(4,25),(4,26),(4,27),(4,28),(4,29),(4,30),(4,31),(4,32),(4,33),(4,34),(4,35),(4,36),(4,37),(4,38),(4,39),(4,40),(4,41),(4,42),(4,43),(4,44),(4,45),(4,46),(4,47),(4,48),(4,49),(4,50),(4,51),(4,52),(4,53),(4,54),(4,55),(4,56),(4,57),(4,58),(4,59),(4,60),(4,61),(4,62),(4,63),(4,64),(4,65),(4,66),(4,67),(4,68),(4,69),(4,70),(4,71),(4,72),(4,73),(4,74),(4,75),(4,76),(4,77),(4,78),(4,79),(4,80),(4,81),(4,82),(4,83),(4,84),(4,85),(4,86),(4,87),(4,88),(4,89);
/*!40000 ALTER TABLE `user_friend` ENABLE KEYS */;
UNLOCK TABLES;

--
-- Table structure for table `user_location`
--

DROP TABLE IF EXISTS `user_location`;
/*!40101 SET @saved_cs_client     = @@character_set_client */;
/*!40101 SET character_set_client = utf8 */;
CREATE TABLE `user_location` (
  `user_id` int(11) NOT NULL,
  `time` int(11) DEFAULT NULL,
  `lat` float DEFAULT NULL,
  `lng` float DEFAULT NULL,
  `address` varchar(150) DEFAULT NULL,
  `user_level` int(11) DEFAULT '0',
  PRIMARY KEY (`user_id`),
  KEY `LOCATION` (`lng`,`lat`)
) ENGINE=InnoDB DEFAULT CHARSET=utf8;
/*!40101 SET character_set_client = @saved_cs_client */;

--
-- Dumping data for table `user_location`
--

LOCK TABLES `user_location` WRITE;
/*!40000 ALTER TABLE `user_location` DISABLE KEYS */;
INSERT INTO `user_location` VALUES (1,1370574086,32.0508,118.783,'小粉桥',2),(4,1370076685,32.0508,118.783,'南京大学',2),(5,1370076685,32.0343,118.72,'小粉桥',1),(6,1370076685,32.0723,118.81,'小粉桥',1),(7,1370076685,32.0623,118.726,'小粉桥',1),(8,1370076685,32.0923,118.732,'小粉桥',1),(9,1370076685,32.0423,118.776,'小粉桥',1),(10,1370573998,32.0523,118.722,'小粉桥',1),(11,1370573998,32.0723,118.813,'南京大学',1),(12,1370573998,32.0723,118.813,'南京大学',1),(13,1370573998,32.0723,118.813,'南京大学',1),(14,1370573998,32.0723,118.813,'南京大学',1),(15,1370573998,32.0723,118.813,'南京大学',1),(16,1370573998,32.0723,118.813,'南京大学',1),(17,1370573998,32.0723,118.813,'南京大学',1),(18,1370573998,32.0723,118.813,'南京大学',1),(19,1370573998,32.0723,118.813,'南京大学',1),(20,1370573998,32.0723,118.813,'南京大学',1),(21,1370573998,32.0723,118.813,'南京大学',1),(22,1370573998,32.0723,118.813,'南京大学',1),(23,1370573998,32.0723,118.813,'南京大学',1),(24,1370573998,32.0723,118.813,'南京大学',1),(25,1370573998,32.0723,118.813,'南京大学',1),(26,1370573998,32.0723,118.813,'南京大学',1),(27,1370573998,32.0723,118.813,'南京大学',1),(28,1370573998,32.0723,118.813,'南京大学',1),(29,1370573998,32.0723,118.813,'南京大学',1),(30,1370573998,32.0723,118.813,'南京大学',1),(31,1370573998,32.0723,118.813,'南京大学',1),(32,1370573998,32.0723,118.813,'南京大学',1),(33,1370573998,32.0723,118.813,'南京大学',1),(34,1370573998,32.0723,118.813,'南京大学',1),(35,1370573998,32.0723,118.813,'南京大学',1),(36,1370573998,32.0723,118.813,'南京大学',1),(37,1370573998,32.0723,118.813,'南京大学',1),(38,1370573998,32.0723,118.813,'南京大学',1),(39,1370573998,32.0723,118.813,'南京大学',1),(40,1370573998,32.0723,118.813,'南京大学',1),(41,1370573998,32.0723,118.813,'南京大学',1),(42,1370573998,32.0723,118.813,'南京大学',1),(43,1370573998,32.0723,118.813,'南京大学',1),(44,1370573998,32.0723,118.813,'南京大学',1),(45,1370573998,32.0723,118.813,'南京大学',1),(46,1370573998,32.0723,118.813,'南京大学',1),(47,1370573998,32.0723,118.813,'南京大学',1),(48,1370573998,32.0723,118.813,'南京大学',1),(49,1370573998,32.0723,118.813,'南京大学',1),(50,1370573998,NULL,NULL,NULL,1),(51,1370573998,32.0703,118.812,'南京大学',1),(52,1370573998,32.0703,118.812,'南京大学',1),(53,1370573998,32.0703,118.812,'南京大学',1),(54,1370573998,32.0703,118.812,'南京大学',1),(55,1370573998,32.0703,118.812,'南京大学',1),(56,1370573998,32.0703,118.812,'南京大学',1),(57,1370573998,32.0703,118.812,'南京大学',1),(58,1370573998,32.0703,118.812,'南京大学',1),(59,1370573998,32.0703,118.812,'南京大学',1),(60,1370573998,32.0703,118.812,'南京大学',1),(61,1370573998,32.0703,118.812,'南京大学',1),(62,1370573998,32.0703,118.812,'南京大学',1),(63,1370573998,32.0703,118.812,'南京大学',1),(64,1370573998,32.0703,118.812,'南京大学',1),(65,1370573998,32.0703,118.812,'南京大学',1),(66,1370573998,32.0703,118.812,'南京大学',1),(67,1370573998,32.0703,118.812,'南京大学',1),(68,1370573998,32.0703,118.812,'南京大学',1),(69,1370573998,32.0703,118.812,'南京大学',1),(70,1370573998,32.0703,118.812,'南京大学',1),(71,1370573998,32.0703,118.812,'南京大学',1),(72,1370573998,32.0703,118.812,'南京大学',1),(73,1370573998,32.0703,118.812,'南京大学',1),(74,1370573998,32.0703,118.812,'南京大学',1),(75,1370573998,32.0703,118.812,'南京大学',1),(76,1370573998,32.0703,118.812,'南京大学',1),(77,1370573998,32.0703,118.812,'南京大学',1),(78,1370573998,32.0703,118.812,'南京大学',1),(79,1370573998,32.0703,118.812,'南京大学',1),(80,1370573998,32.0703,118.812,'南京大学',1),(81,1370573998,32.0703,118.812,'南京大学',1),(82,1370573998,32.0703,118.812,'南京大学',1),(83,1370573998,32.0703,118.812,'南京大学',1),(84,1370573998,32.0703,118.812,'南京大学',1),(85,1370573998,32.0703,118.812,'南京大学',1),(86,1370573998,32.0703,118.812,'南京大学',1),(87,1370573998,32.0703,118.812,'南京大学',1),(88,1370573998,32.0703,118.812,'南京大学',1),(89,1370573998,32.0703,118.812,'南京大学',1),(90,1370573998,32.0545,118.791,'南京大学',1),(91,1370573998,32.0545,118.791,'南京大学',1),(92,1370573998,32.0545,118.791,'南京大学',1),(93,1370573998,32.0545,118.791,'南京大学',1),(94,1370573998,32.0545,118.791,'南京大学',1),(95,1370573998,32.0545,118.791,'南京大学',1),(96,1370573998,32.0545,118.791,'南京大学',1),(97,1370573998,32.0545,118.791,'南京大学',1),(98,1370573998,32.0545,118.791,'南京大学',1),(99,1370573998,32.0545,118.791,'南京大学',2),(100,1370573998,32.0542,118.781,'南京大学',2);
/*!40000 ALTER TABLE `user_location` ENABLE KEYS */;
UNLOCK TABLES;

--
-- Table structure for table `user_view`
--

DROP TABLE IF EXISTS `user_view`;
/*!40101 SET @saved_cs_client     = @@character_set_client */;
/*!40101 SET character_set_client = utf8 */;
CREATE TABLE `user_view` (
  `id` int(11) NOT NULL AUTO_INCREMENT,
  `user_id` int(11) NOT NULL,
  `view_id` int(11) NOT NULL,
  `view_date` int(11) DEFAULT NULL,
  PRIMARY KEY (`id`)
) ENGINE=InnoDB DEFAULT CHARSET=utf8;
/*!40101 SET character_set_client = @saved_cs_client */;

--
-- Dumping data for table `user_view`
--

LOCK TABLES `user_view` WRITE;
/*!40000 ALTER TABLE `user_view` DISABLE KEYS */;
/*!40000 ALTER TABLE `user_view` ENABLE KEYS */;
UNLOCK TABLES;

--
-- Table structure for table `video`
--

DROP TABLE IF EXISTS `video`;
/*!40101 SET @saved_cs_client     = @@character_set_client */;
/*!40101 SET character_set_client = utf8 */;
CREATE TABLE `video` (
  `video_id` int(11) NOT NULL AUTO_INCREMENT,
  `big_url` varchar(150) NOT NULL,
  `user_id` int(11) NOT NULL,
  `act_id` int(11) NOT NULL,
  `user_name` varchar(15) NOT NULL,
  `act_name` varchar(25) NOT NULL,
  `upload_time` int(11) NOT NULL,
  `vote_number` int(11) DEFAULT '0',
  `view_number` int(11) DEFAULT '0',
  `small_url` varchar(150) NOT NULL,
  `video_name` varchar(25) NOT NULL,
  `poster_url` varchar(150) DEFAULT NULL,
  PRIMARY KEY (`video_id`)
) ENGINE=InnoDB AUTO_INCREMENT=45 DEFAULT CHARSET=utf8;
/*!40101 SET character_set_client = @saved_cs_client */;

--
-- Dumping data for table `video`
--

LOCK TABLES `video` WRITE;
/*!40000 ALTER TABLE `video` DISABLE KEYS */;
INSERT INTO `video` VALUES (1,'http://localhost:8090/video/big_1_4_1371400139786.mp4',1,4,'白羊座小葛','那些花儿海选',1371360415,0,0,'http://localhost:8090/video/small_1_4_1371400139786.mp4','test','http://localhost:8090/poster/1_4_13713728708159.png'),(2,'http://localhost:8090/video/keai2-qt.mp4',1,1,'白羊座小葛','那些花儿海选',1371360415,0,0,'http://localhost:8090/video/keai2-qt.mp4','萝莉可爱颂','http://localhost:8090/poster/43_1_1371373492207.jpg'),(3,'http://localhost:8090/video/keai2-qt.mp4',100,1,'菡萏','那些花儿海选',1371360415,0,0,'http://localhost:8090/video/keai2-qt.mp4','萝莉可爱颂','http://localhost:8090/poster/100_4_13713730038367.jpeg'),(4,'http://localhost:8090/video/keai2-qt.mp4',100,4,'菡萏','那些花儿海选',1371360415,0,0,'http://localhost:8090/video/keai2-qt.mp4','萝莉可爱颂','http://localhost:8090/poster/100_4_13713730038367.jpeg'),(5,'http://localhost:8090/video/keai2-qt.mp4',10,4,'test','那些花儿海选',1371360415,0,0,'http://localhost:8090/video/keai2-qt.mp4','萝莉可爱颂',''),(6,'http://localhost:8090/video/keai2-qt.mp4',11,4,'test','那些花儿海选',1371360415,0,0,'http://localhost:8090/video/keai2-qt.mp4','萝莉可爱颂',''),(7,'http://localhost:8090/video/keai2-qt.mp4',12,4,'test','那些花儿海选',1371360415,0,0,'http://localhost:8090/video/keai2-qt.mp4','萝莉可爱颂',''),(8,'http://localhost:8090/video/keai2-qt.mp4',13,4,'test','那些花儿海选',1371360415,0,0,'http://localhost:8090/video/keai2-qt.mp4','萝莉可爱颂',''),(9,'http://localhost:8090/video/keai2-qt.mp4',14,4,'test','那些花儿海选',1371360415,0,0,'http://localhost:8090/video/keai2-qt.mp4','萝莉可爱颂',''),(10,'http://localhost:8090/video/keai2-qt.mp4',15,4,'test','那些花儿海选',1371360415,0,0,'http://localhost:8090/video/keai2-qt.mp4','萝莉可爱颂',''),(11,'http://localhost:8090/video/keai2-qt.mp4',16,4,'test','那些花儿海选',1371360415,0,0,'http://localhost:8090/video/keai2-qt.mp4','萝莉可爱颂',''),(12,'http://localhost:8090/video/keai2-qt.mp4',17,4,'test','那些花儿海选',1371360415,0,0,'http://localhost:8090/video/keai2-qt.mp4','萝莉可爱颂',''),(13,'http://localhost:8090/video/keai2-qt.mp4',18,4,'test','那些花儿海选',1371360415,0,0,'http://localhost:8090/video/keai2-qt.mp4','萝莉可爱颂',''),(14,'http://localhost:8090/video/keai2-qt.mp4',19,4,'test','那些花儿海选',1371360415,0,0,'http://localhost:8090/video/keai2-qt.mp4','萝莉可爱颂',''),(15,'http://localhost:8090/video/keai2-qt.mp4',20,4,'test','那些花儿海选',1371360415,0,0,'http://localhost:8090/video/keai2-qt.mp4','萝莉可爱颂',''),(16,'http://localhost:8090/video/keai2-qt.mp4',21,4,'test','那些花儿海选',1371360415,0,0,'http://localhost:8090/video/keai2-qt.mp4','萝莉可爱颂',''),(17,'http://localhost:8090/video/keai2-qt.mp4',22,4,'test','那些花儿海选',1371360415,0,0,'http://localhost:8090/video/keai2-qt.mp4','萝莉可爱颂',''),(18,'http://localhost:8090/video/keai2-qt.mp4',23,4,'test','那些花儿海选',1371360415,0,0,'http://localhost:8090/video/keai2-qt.mp4','萝莉可爱颂',''),(19,'http://localhost:8090/video/keai2-qt.mp4',24,4,'test','那些花儿海选',1371360415,0,0,'http://localhost:8090/video/keai2-qt.mp4','萝莉可爱颂',''),(20,'http://localhost:8090/video/keai2-qt.mp4',25,4,'test','那些花儿海选',1371360415,0,0,'http://localhost:8090/video/keai2-qt.mp4','萝莉可爱颂',''),(21,'http://localhost:8090/video/keai2-qt.mp4',26,4,'test','那些花儿海选',1371360415,0,0,'http://localhost:8090/video/keai2-qt.mp4','萝莉可爱颂',''),(22,'http://localhost:8090/video/keai2-qt.mp4',27,4,'test','那些花儿海选',1371360415,0,0,'http://localhost:8090/video/keai2-qt.mp4','萝莉可爱颂',''),(23,'http://localhost:8090/video/keai2-qt.mp4',28,4,'test','那些花儿海选',1371360415,0,0,'http://localhost:8090/video/keai2-qt.mp4','萝莉可爱颂',''),(24,'http://localhost:8090/video/keai2-qt.mp4',29,4,'test','那些花儿海选',1371360415,0,0,'http://localhost:8090/video/keai2-qt.mp4','萝莉可爱颂',''),(25,'http://localhost:8090/vedio/luoli2-qt.mp4',10,4,'test','那些花儿海选',1371360455,0,0,'http://localhost:8090/vedio/luoli2-qt.mp4','萝莉可爱颂',''),(26,'http://localhost:8090/vedio/luoli2-qt.mp4',11,4,'test','那些花儿海选',1371360455,0,0,'http://localhost:8090/vedio/luoli2-qt.mp4','萝莉可爱颂',''),(27,'http://localhost:8090/vedio/luoli2-qt.mp4',12,4,'test','那些花儿海选',1371360455,0,0,'http://localhost:8090/vedio/luoli2-qt.mp4','萝莉可爱颂',''),(28,'http://localhost:8090/vedio/luoli2-qt.mp4',13,4,'test','那些花儿海选',1371360455,0,0,'http://localhost:8090/vedio/luoli2-qt.mp4','萝莉可爱颂',''),(29,'http://localhost:8090/vedio/luoli2-qt.mp4',14,4,'test','那些花儿海选',1371360455,0,0,'http://localhost:8090/vedio/luoli2-qt.mp4','萝莉可爱颂',''),(30,'http://localhost:8090/vedio/luoli2-qt.mp4',15,4,'test','那些花儿海选',1371360455,0,0,'http://localhost:8090/vedio/luoli2-qt.mp4','萝莉可爱颂',''),(31,'http://localhost:8090/vedio/luoli2-qt.mp4',16,4,'test','那些花儿海选',1371360455,0,0,'http://localhost:8090/vedio/luoli2-qt.mp4','萝莉可爱颂',''),(32,'http://localhost:8090/vedio/luoli2-qt.mp4',17,4,'test','那些花儿海选',1371360455,0,0,'http://localhost:8090/vedio/luoli2-qt.mp4','萝莉可爱颂',''),(33,'http://localhost:8090/vedio/luoli2-qt.mp4',18,4,'test','那些花儿海选',1371360455,0,0,'http://localhost:8090/vedio/luoli2-qt.mp4','萝莉可爱颂',''),(34,'http://localhost:8090/vedio/luoli2-qt.mp4',19,4,'test','那些花儿海选',1371360455,0,0,'http://localhost:8090/vedio/luoli2-qt.mp4','萝莉可爱颂',''),(35,'http://localhost:8090/vedio/luoli2-qt.mp4',20,4,'test','那些花儿海选',1371360455,0,0,'http://localhost:8090/vedio/luoli2-qt.mp4','萝莉可爱颂',''),(36,'http://localhost:8090/vedio/luoli2-qt.mp4',21,4,'test','那些花儿海选',1371360455,0,0,'http://localhost:8090/vedio/luoli2-qt.mp4','萝莉可爱颂',''),(37,'http://localhost:8090/vedio/luoli2-qt.mp4',22,4,'test','那些花儿海选',1371360455,0,0,'http://localhost:8090/vedio/luoli2-qt.mp4','萝莉可爱颂',''),(38,'http://localhost:8090/vedio/luoli2-qt.mp4',23,4,'test','那些花儿海选',1371360455,0,0,'http://localhost:8090/vedio/luoli2-qt.mp4','萝莉可爱颂',''),(39,'http://localhost:8090/vedio/luoli2-qt.mp4',24,4,'test','那些花儿海选',1371360455,0,0,'http://localhost:8090/vedio/luoli2-qt.mp4','萝莉可爱颂',''),(40,'http://localhost:8090/vedio/luoli2-qt.mp4',25,4,'test','那些花儿海选',1371360455,0,0,'http://localhost:8090/vedio/luoli2-qt.mp4','萝莉可爱颂',''),(41,'http://localhost:8090/vedio/luoli2-qt.mp4',26,4,'test','那些花儿海选',1371360455,0,0,'http://localhost:8090/vedio/luoli2-qt.mp4','萝莉可爱颂',''),(42,'http://localhost:8090/vedio/luoli2-qt.mp4',27,4,'test','那些花儿海选',1371360455,0,0,'http://localhost:8090/vedio/luoli2-qt.mp4','萝莉可爱颂',''),(43,'http://localhost:8090/vedio/luoli2-qt.mp4',28,4,'test','那些花儿海选',1371360455,0,0,'http://localhost:8090/vedio/luoli2-qt.mp4','萝莉可爱颂',''),(44,'http://localhost:8090/vedio/luoli2-qt.mp4',29,4,'test','那些花儿海选',1371360455,0,0,'http://localhost:8090/vedio/luoli2-qt.mp4','萝莉可爱颂','');
/*!40000 ALTER TABLE `video` ENABLE KEYS */;
UNLOCK TABLES;

--
-- Table structure for table `video_view`
--

DROP TABLE IF EXISTS `video_view`;
/*!40101 SET @saved_cs_client     = @@character_set_client */;
/*!40101 SET character_set_client = utf8 */;
CREATE TABLE `video_view` (
  `video_id` int(11) NOT NULL,
  `user_id` int(11) NOT NULL,
  `id` int(11) NOT NULL AUTO_INCREMENT,
  `view_num` int(11) DEFAULT NULL,
  PRIMARY KEY (`id`)
) ENGINE=InnoDB DEFAULT CHARSET=utf8;
/*!40101 SET character_set_client = @saved_cs_client */;

--
-- Dumping data for table `video_view`
--

LOCK TABLES `video_view` WRITE;
/*!40000 ALTER TABLE `video_view` DISABLE KEYS */;
/*!40000 ALTER TABLE `video_view` ENABLE KEYS */;
UNLOCK TABLES;

--
-- Table structure for table `video_vote`
--

DROP TABLE IF EXISTS `video_vote`;
/*!40101 SET @saved_cs_client     = @@character_set_client */;
/*!40101 SET character_set_client = utf8 */;
CREATE TABLE `video_vote` (
  `id` int(11) NOT NULL AUTO_INCREMENT,
  `video_id` int(11) NOT NULL,
  `user_id` int(11) NOT NULL,
  PRIMARY KEY (`id`)
) ENGINE=InnoDB DEFAULT CHARSET=utf8;
/*!40101 SET character_set_client = @saved_cs_client */;

--
-- Dumping data for table `video_vote`
--

LOCK TABLES `video_vote` WRITE;
/*!40000 ALTER TABLE `video_vote` DISABLE KEYS */;
/*!40000 ALTER TABLE `video_vote` ENABLE KEYS */;
UNLOCK TABLES;
/*!40103 SET TIME_ZONE=@OLD_TIME_ZONE */;

/*!40101 SET SQL_MODE=@OLD_SQL_MODE */;
/*!40014 SET FOREIGN_KEY_CHECKS=@OLD_FOREIGN_KEY_CHECKS */;
/*!40014 SET UNIQUE_CHECKS=@OLD_UNIQUE_CHECKS */;
/*!40101 SET CHARACTER_SET_CLIENT=@OLD_CHARACTER_SET_CLIENT */;
/*!40101 SET CHARACTER_SET_RESULTS=@OLD_CHARACTER_SET_RESULTS */;
/*!40101 SET COLLATION_CONNECTION=@OLD_COLLATION_CONNECTION */;
/*!40111 SET SQL_NOTES=@OLD_SQL_NOTES */;

-- Dump completed on 2013-06-25 21:28:59
